model,H,strategy,tau,use_non_overlapping,is_baseline,sharpe_ann_mean,sharpe_ann_median,sharpe_ann_min,sharpe_ann_max,mean_log_ret_mean,mean_log_ret_median,mean_log_ret_min,mean_log_ret_max,max_drawdown_mean,max_drawdown_median,max_drawdown_min,max_drawdown_max,hit_rate_mean,hit_rate_median,hit_rate_min,hit_rate_max,turnover_mean,turnover_median,turnover_min,turnover_max,n_obs_mean,n_obs_median,n_obs_min,n_obs_max
BASELINE,1,always_long,0.0,True,True,0.1292167800673714,0.1292167800673714,0.1292167800673714,0.1292167800673714,3.790185458336424e-05,3.790185458336424e-05,3.790185458336424e-05,3.790185458336424e-05,-0.15318552274121555,-0.15318552274121555,-0.15318552274121555,-0.15318552274121555,0.5098231827111984,0.5098231827111984,0.5098231827111984,0.5098231827111984,0.0,0.0,0.0,0.0,1018.0,1018.0,1018,1018
BASELINE,1,always_short,0.0,True,True,-0.1292167800673714,-0.1292167800673714,-0.1292167800673714,-0.1292167800673714,-3.790185458336424e-05,-3.790185458336424e-05,-3.790185458336424e-05,-3.790185458336424e-05,-0.16931031460871082,-0.16931031460871082,-0.16931031460871082,-0.16931031460871082,0.4636542239685658,0.4636542239685658,0.4636542239685658,0.4636542239685658,0.0,0.0,0.0,0.0,1018.0,1018.0,1018,1018
BASELINE,1,cash,0.0,True,True,,,,,0.0,0.0,0.0,0.0,0.0,0.0,0.0,0.0,0.0,0.0,0.0,0.0,0.0,0.0,0.0,0.0,1018.0,1018.0,1018,1018
BASELINE,5,always_long,0.0,True,True,0.13507372666484407,0.1390108883996049,0.11622242976317732,0.14547255001364462,0.0001905332090090429,0.00019314629362148162,0.00016952418241030398,0.00020530851157641057,-0.14682506579406018,-0.14720677786603031,-0.1517966695880797,-0.14212343929868032,0.5157393992079591,0.5196078431372549,0.4852941176470588,0.5517241379310345,0.0,0.0,0.0,0.0,203.6,204.0,203,204
BASELINE,5,always_short,0.0,True,True,-0.13507372666484407,-0.1390108883996049,-0.14547255001364462,-0.11622242976317732,-0.0001905332090090429,-0.00019314629362148162,-0.00020530851157641057,-0.00016952418241030398,-0.16204985100327896,-0.16203663132065527,-0.16511831726555581,-0.16009178360250587,0.4773930261759876,0.47058823529411764,0.4482758620689655,0.5098039215686274,0.0,0.0,0.0,0.0,203.6,204.0,203,204
BASELINE,5,cash,0.0,True,True,,,,,0.0,0.0,0.0,0.0,0.0,0.0,0.0,0.0,0.0,0.0,0.0,0.0,0.0,0.0,0.0,0.0,203.6,204.0,203,204
BASELINE,10,always_long,0.0,True,True,0.12544157787637913,0.12046986611925511,0.10726675953767756,0.1506341194182977,0.0003514424657550574,0.0003479610220851399,0.000283871670563309,0.00041061702315281506,-0.14194556819117174,-0.14114106204866067,-0.15100788781770336,-0.13332738785338405,0.5108619685497962,0.5147058823529411,0.47058823529411764,0.5445544554455446,0.0,0.0,0.0,0.0,101.8,102.0,101,102
BASELINE,10,always_short,0.0,True,True,-0.12544157787637913,-0.12046986611925511,-0.1506341194182977,-0.10726675953767756,-0.0003514424657550574,-0.0003479610220851399,-0.00041061702315281506,-0.000283871670563309,-0.15671869038945982,-0.15823450781548354,-0.16511831726555581,-0.14723981093373772,0.4861968549796156,0.4852941176470588,0.45544554455445546,0.5294117647058824,0.0,0.0,0.0,0.0,101.8,102.0,101,102
BASELINE,10,cash,0.0,True,True,,,,,0.0,0.0,0.0,0.0,0.0,0.0,0.0,0.0,0.0,0.0,0.0,0.0,0.0,0.0,0.0,0.0,101.8,102.0,101,102
BASELINE,20,always_long,0.0,True,True,0.12250309168017808,0.12477261973390524,0.10063864942948371,0.15596359689450723,0.0007011653697561234,0.0007166818553363774,0.0005677433411266255,0.0008562253285756877,-0.13662468129067018,-0.13808788508758113,-0.14552996205101076,-0.12393354288280167,0.5069019607843137,0.5049019607843137,0.45098039215686275,0.5490196078431373,0.0,0.0,0.0,0.0,50.9,51.0,50,51
BASELINE,20,always_short,0.0,True,True,-0.12250309168017808,-0.12477261973390524,-0.15596359689450723,-0.10063864942948371,-0.0007011653697561234,-0.0007166818553363774,-0.0008562253285756877,-0.0005677433411266255,-0.1513526229836251,-0.14998919202981043,-0.1651183172655557,-0.13848226313426093,0.490156862745098,0.4950980392156863,0.43137254901960786,0.5490196078431373,0.0,0.0,0.0,0.0,50.9,51.0,50,51
BASELINE,20,cash,0.0,True,True,,,,,0.0,0.0,0.0,0.0,0.0,0.0,0.0,0.0,0.0,0.0,0.0,0.0,0.0,0.0,0.0,0.0,50.9,51.0,50,51
ElasticNet,1,model,0.0,True,False,0.7166900444563088,0.7166900444563088,0.7166900444563088,0.7166900444563088,0.00020988078505969373,0.00020988078505969373,0.00020988078505969373,0.00020988078505969373,-0.14605850813254173,-0.14605850813254173,-0.14605850813254173,-0.14605850813254173,0.5108055009823183,0.5108055009823183,0.5108055009823183,0.5108055009823183,0.8939096267190569,0.8939096267190569,0.8939096267190569,0.8939096267190569,1018.0,1018.0,1018,1018
ElasticNet,1,model,0.0005,True,False,1.4770774080137263,1.4770774080137263,1.4770774080137263,1.4770774080137263,0.00027874324771123073,0.00027874324771123073,0.00027874324771123073,0.00027874324771123073,-0.09090531916071887,-0.09090531916071887,-0.09090531916071887,-0.09090531916071887,0.18467583497053044,0.18467583497053044,0.18467583497053044,0.18467583497053044,0.4292730844793713,0.4292730844793713,0.4292730844793713,0.4292730844793713,1018.0,1018.0,1018,1018
ElasticNet,1,model,0.001,True,False,0.9754952207370922,0.9754952207370922,0.9754952207370922,0.9754952207370922,0.00011525857954814821,0.00011525857954814821,0.00011525857954814821,0.00011525857954814821,-0.03149602303435106,-0.03149602303435106,-0.03149602303435106,-0.03149602303435106,0.05795677799607073,0.05795677799607073,0.05795677799607073,0.05795677799607073,0.13555992141453832,0.13555992141453832,0.13555992141453832,0.13555992141453832,1018.0,1018.0,1018,1018
ElasticNet,5,model,0.0,True,False,0.13507372666484407,0.1390108883996049,0.11622242976317732,0.14547255001364462,0.0001905332090090429,0.00019314629362148162,0.00016952418241030398,0.00020530851157641057,-0.14682506579406018,-0.14720677786603031,-0.1517966695880797,-0.14212343929868032,0.5157393992079591,0.5196078431372549,0.4852941176470588,0.5517241379310345,0.0,0.0,0.0,0.0,203.6,204.0,203,204
ElasticNet,5,model,0.0005,True,False,,,,,0.0,0.0,0.0,0.0,0.0,0.0,0.0,0.0,0.0,0.0,0.0,0.0,0.0,0.0,0.0,0.0,203.6,204.0,203,204
ElasticNet,5,model,0.001,True,False,,,,,0.0,0.0,0.0,0.0,0.0,0.0,0.0,0.0,0.0,0.0,0.0,0.0,0.0,0.0,0.0,0.0,203.6,204.0,203,204
ElasticNet,10,model,0.0,True,False,0.12544157787637913,0.12046986611925511,0.10726675953767756,0.1506341194182977,0.0003514424657550574,0.0003479610220851399,0.000283871670563309,0.00041061702315281506,-0.14194556819117174,-0.14114106204866067,-0.15100788781770336,-0.13332738785338405,0.5108619685497962,0.5147058823529411,0.47058823529411764,0.5445544554455446,0.0,0.0,0.0,0.0,101.8,102.0,101,102
ElasticNet,10,model,0.0005,True,False,-0.018053572926452342,0.06731329471380239,-0.8338562186741477,0.7113200784904357,-1.6069422244463737e-05,3.118335123605928e-05,-0.0003500448685649294,0.00015666354289819217,-0.0211884690519094,-0.02164734231868909,-0.03926880599262372,-9.999500016677487e-05,0.014744709765094155,0.0196078431372549,0.0,0.029411764705882353,0.019646670549407882,0.0196078431372549,0.0196078431372549,0.019801980198019802,101.8,102.0,101,102
ElasticNet,10,model,0.001,True,False,,,,,0.0,0.0,0.0,0.0,0.0,0.0,0.0,0.0,0.0,0.0,0.0,0.0,0.0,0.0,0.0,0.0,101.8,102.0,101,102
ElasticNet,20,model,0.0,True,False,0.12250309168017808,0.12477261973390524,0.10063864942948371,0.15596359689450723,0.0007011653697561234,0.0007166818553363774,0.0005677433411266255,0.0008562253285756877,-0.13662468129067018,-0.13808788508758113,-0.14552996205101076,-0.12393354288280167,0.5069019607843137,0.5049019607843137,0.45098039215686275,0.5490196078431373,0.0,0.0,0.0,0.0,50.9,51.0,50,51
ElasticNet,20,model,0.0005,True,False,0.06722153375353604,0.03780544873993419,0.006683206237886171,0.19612278422569193,0.000361643858063089,0.00020337254831579094,3.9695491726281965e-05,0.0010176631728089375,-0.11419779541859601,-0.1139752610991076,-0.12917305672698798,-0.10059752073486139,0.39784313725490195,0.4,0.35294117647058826,0.43137254901960786,0.03929411764705883,0.0392156862745098,0.0392156862745098,0.04,50.9,51.0,50,51
ElasticNet,20,model,0.001,True,False,0.06818120716352134,0.12277861707801274,-0.5018207382256533,0.6069609973616321,-1.1333413822334674e-05,0.0001675339812875287,-0.000792246401272357,0.0005632869981603863,-0.023588166974320257,-0.02161521760703522,-0.062047731608575796,-9.99950001664418e-05,0.019647058823529413,0.0196078431372549,0.0,0.0392156862745098,0.03929411764705883,0.0392156862745098,0.0392156862745098,0.04,50.9,51.0,50,51
LSTM,1,model,0.0,True,False,-0.192683549199738,-0.192683549199738,-0.192683549199738,-0.192683549199738,-5.6512643465416425e-05,-5.6512643465416425e-05,-5.6512643465416425e-05,-5.6512643465416425e-05,-0.23097379588453515,-0.23097379588453515,-0.23097379588453515,-0.23097379588453515,0.4960707269155206,0.4960707269155206,0.4960707269155206,0.4960707269155206,0.22986247544204322,0.22986247544204322,0.22986247544204322,0.22986247544204322,1018.0,1018.0,1018,1018
LSTM,1,model,0.0005,True,False,-0.023824886573498794,-0.023824886573498794,-0.023824886573498794,-0.023824886573498794,-5.012604213385604e-06,-5.012604213385604e-06,-5.012604213385604e-06,-5.012604213385604e-06,-0.1626310526197947,-0.1626310526197947,-0.1626310526197947,-0.1626310526197947,0.20530451866404714,0.20530451866404714,0.20530451866404714,0.20530451866404714,0.14047151277013753,0.14047151277013753,0.14047151277013753,0.14047151277013753,1018.0,1018.0,1018,1018
LSTM,1,model,0.001,True,False,0.05739995656097854,0.05739995656097854,0.05739995656097854,0.05739995656097854,9.044518151358552e-06,9.044518151358552e-06,9.044518151358552e-06,9.044518151358552e-06,-0.08195489663700273,-0.08195489663700273,-0.08195489663700273,-0.08195489663700273,0.08447937131630648,0.08447937131630648,0.08447937131630648,0.08447937131630648,0.054027504911591355,0.054027504911591355,0.054027504911591355,0.054027504911591355,1018.0,1018.0,1018,1018
LSTM,5,model,0.0,True,False,0.005969116717752175,0.05031085586322635,-0.08735795002337138,0.07497170847362905,6.0455009728495e-06,6.837189042171376e-05,-0.00012704813804338658,0.00010415465812284643,-0.17900396551886405,-0.17926752383720812,-0.2179225259683849,-0.1480205033271651,0.5000144885540423,0.5049019607843137,0.49019607843137253,0.5073891625615764,0.4066840529315174,0.39408866995073893,0.35294117647058826,0.47058823529411764,203.6,204.0,203,204
LSTM,5,model,0.0005,True,False,-0.09878252317269887,-0.07684410559928596,-0.2805771100019571,0.047691090172117145,-0.0001321059951794461,-9.68796107307119e-05,-0.00039025370919683013,6.494087897146638e-05,-0.19221507559594206,-0.19174207934311704,-0.22404196611049465,-0.1572380244684286,0.43616826040761136,0.4362745098039216,0.4264705882352941,0.4482758620689655,0.4056650246305419,0.39901477832512317,0.3431372549019608,0.47058823529411764,203.6,204.0,203,204
LSTM,5,model,0.001,True,False,-0.006433940256846635,0.0014323841863142575,-0.11209605903397107,0.09857478010555108,-7.83600918424251e-06,1.8470250131428852e-06,-0.0001407558037416265,0.00012233367947005734,-0.17564798317855898,-0.17678233366065166,-0.19135204167003195,-0.15026144871727531,0.38115522070897323,0.3842364532019704,0.35294117647058826,0.39408866995073893,0.3938906597121607,0.39705882352941174,0.35960591133004927,0.4088669950738916,203.6,204.0,203,204
LSTM,10,model,0.0,True,False,0.5271451044996834,0.4864032442083027,-0.22787569212283482,1.4910646527662865,0.0014486441466220234,0.0012878873271531107,-0.0006409662188449585,0.004191029346904332,-0.1466077273139342,-0.15825054498301938,-0.23773331851546853,-0.051202145818614486,0.5098718695398952,0.5172296641428848,0.4411764705882353,0.5588235294117647,0.5933216851096874,0.5882352941176471,0.5148514851485149,0.6732673267326733,101.8,102.0,101,102
LSTM,10,model,0.0005,True,False,0.5211633025280904,0.4683432448794008,-0.3007557425935604,1.381842926434839,0.0013960316377164073,0.0012066358162429762,-0.0008242009346573256,0.0037539340271113913,-0.14153599818732926,-0.1528391895889995,-0.24551110204017268,-0.0512021458186146,0.47942147155892056,0.48767229664142886,0.4215686274509804,0.5247524752475248,0.5697146185206756,0.5784313725490196,0.5148514851485149,0.6078431372549019,101.8,102.0,101,102
LSTM,10,model,0.001,True,False,0.48681289257811305,0.4433682936438012,-0.4122672882753185,1.2980073039322413,0.0012601913107819314,0.0011243971732732365,-0.0011113510346041843,0.0035670337340185125,-0.13443000527333487,-0.14423341205435258,-0.26728907367227805,-0.0512021458186146,0.45584352552902346,0.46306542418947777,0.39215686274509803,0.49504950495049505,0.5579304989322462,0.5615414482624733,0.5098039215686274,0.5882352941176471,101.8,102.0,101,102
LSTM,20,model,0.0,True,False,0.44754905186777716,0.49201029011221,-0.1992834092476743,1.8514069425222057,0.002425293866411122,0.0027680472370626343,-0.0011315588133703315,0.008854862698222677,-0.14925792552305778,-0.1577123132501715,-0.21334337058719366,-0.06754467085773219,0.5331960784313725,0.5294117647058824,0.42,0.7058823529411765,0.6326274509803922,0.6274509803921569,0.47058823529411764,0.7843137254901961,50.9,51.0,50,51
LSTM,20,model,0.0005,True,False,0.4481039150122628,0.46946600793663923,-0.37639441227226716,1.7850172727535754,0.0024225185430888684,0.002637692561412437,-0.0020359114313805277,0.008545975653127619,-0.14998932244908927,-0.1527011078354657,-0.22632061174230833,-0.06754467085773219,0.5233921568627451,0.5294117647058824,0.4117647058823529,0.6862745098039216,0.6179215686274511,0.6137254901960785,0.47058823529411764,0.7843137254901961,50.9,51.0,50,51
LSTM,20,model,0.001,True,False,0.4292922763555086,0.45710877825491936,-0.426830480426633,1.7189223035423624,0.002300654624845355,0.0024961407600298533,-0.0022971659848959724,0.008117710177409972,-0.15124699443020292,-0.1577123132501715,-0.22616813255660573,-0.06763791172852518,0.5056862745098039,0.5098039215686274,0.37254901960784315,0.6470588235294118,0.614,0.6137254901960785,0.47058823529411764,0.7843137254901961,50.9,51.0,50,51
Lasso,1,model,0.0,True,False,0.9180085859874346,0.9180085859874346,0.9180085859874346,0.9180085859874346,0.00026870815705451494,0.00026870815705451494,0.00026870815705451494,0.00026870815705451494,-0.139848119069375,-0.139848119069375,-0.139848119069375,-0.139848119069375,0.518664047151277,0.518664047151277,0.518664047151277,0.518664047151277,0.9332023575638507,0.9332023575638507,0.9332023575638507,0.9332023575638507,1018.0,1018.0,1018,1018
Lasso,1,model,0.0005,True,False,1.0588843391852245,1.0588843391852245,1.0588843391852245,1.0588843391852245,0.0001840265553630443,0.0001840265553630443,0.0001840265553630443,0.0001840265553630443,-0.08915712740062087,-0.08915712740062087,-0.08915712740062087,-0.08915712740062087,0.13064833005893908,0.13064833005893908,0.13064833005893908,0.13064833005893908,0.3113948919449902,0.3113948919449902,0.3113948919449902,0.3113948919449902,1018.0,1018.0,1018,1018
Lasso,1,model,0.001,True,False,0.8927392843690085,0.8927392843690085,0.8927392843690085,0.8927392843690085,8.850035343683404e-05,8.850035343683404e-05,8.850035343683404e-05,8.850035343683404e-05,-0.021362639854765275,-0.021362639854765275,-0.021362639854765275,-0.021362639854765275,0.026522593320235755,0.026522593320235755,0.026522593320235755,0.026522593320235755,0.06483300589390963,0.06483300589390963,0.06483300589390963,0.06483300589390963,1018.0,1018.0,1018,1018
Lasso,5,model,0.0,True,False,0.13507372666484407,0.1390108883996049,0.11622242976317732,0.14547255001364462,0.0001905332090090429,0.00019314629362148162,0.00016952418241030398,0.00020530851157641057,-0.14682506579406018,-0.14720677786603031,-0.1517966695880797,-0.14212343929868032,0.5157393992079591,0.5196078431372549,0.4852941176470588,0.5517241379310345,0.0,0.0,0.0,0.0,203.6,204.0,203,204
Lasso,5,model,0.0005,True,False,,,,,0.0,0.0,0.0,0.0,0.0,0.0,0.0,0.0,0.0,0.0,0.0,0.0,0.0,0.0,0.0,0.0,203.6,204.0,203,204
Lasso,5,model,0.001,True,False,,,,,0.0,0.0,0.0,0.0,0.0,0.0,0.0,0.0,0.0,0.0,0.0,0.0,0.0,0.0,0.0,0.0,203.6,204.0,203,204
Lasso,10,model,0.0,True,False,0.12544157787637913,0.12046986611925511,0.10726675953767756,0.1506341194182977,0.0003514424657550574,0.0003479610220851399,0.000283871670563309,0.00041061702315281506,-0.14194556819117174,-0.14114106204866067,-0.15100788781770336,-0.13332738785338405,0.5108619685497962,0.5147058823529411,0.47058823529411764,0.5445544554455446,0.0,0.0,0.0,0.0,101.8,102.0,101,102
Lasso,10,model,0.0005,True,False,-0.018053572926452342,0.06731329471380239,-0.8338562186741477,0.7113200784904357,-1.6069422244463737e-05,3.118335123605928e-05,-0.0003500448685649294,0.00015666354289819217,-0.0211884690519094,-0.02164734231868909,-0.03926880599262372,-9.999500016677487e-05,0.014744709765094155,0.0196078431372549,0.0,0.029411764705882353,0.019646670549407882,0.0196078431372549,0.0196078431372549,0.019801980198019802,101.8,102.0,101,102
Lasso,10,model,0.001,True,False,,,,,0.0,0.0,0.0,0.0,0.0,0.0,0.0,0.0,0.0,0.0,0.0,0.0,0.0,0.0,0.0,0.0,101.8,102.0,101,102
Lasso,20,model,0.0,True,False,0.12250309168017808,0.12477261973390524,0.10063864942948371,0.15596359689450723,0.0007011653697561234,0.0007166818553363774,0.0005677433411266255,0.0008562253285756877,-0.13662468129067018,-0.13808788508758113,-0.14552996205101076,-0.12393354288280167,0.5069019607843137,0.5049019607843137,0.45098039215686275,0.5490196078431373,0.0,0.0,0.0,0.0,50.9,51.0,50,51
Lasso,20,model,0.0005,True,False,0.06722153375353604,0.03780544873993419,0.006683206237886171,0.19612278422569193,0.000361643858063089,0.00020337254831579094,3.9695491726281965e-05,0.0010176631728089375,-0.11419779541859601,-0.1139752610991076,-0.12917305672698798,-0.10059752073486139,0.39784313725490195,0.4,0.35294117647058826,0.43137254901960786,0.03929411764705883,0.0392156862745098,0.0392156862745098,0.04,50.9,51.0,50,51
Lasso,20,model,0.001,True,False,0.06818120716352134,0.12277861707801274,-0.5018207382256533,0.6069609973616321,-1.1333413822334674e-05,0.0001675339812875287,-0.000792246401272357,0.0005632869981603863,-0.023588166974320257,-0.02161521760703522,-0.062047731608575796,-9.99950001664418e-05,0.019647058823529413,0.0196078431372549,0.0,0.0392156862745098,0.03929411764705883,0.0392156862745098,0.0392156862745098,0.04,50.9,51.0,50,51
LightGBM,1,model,0.0,True,False,-0.1716761398396765,-0.1716761398396765,-0.1716761398396765,-0.1716761398396765,-5.033976431121701e-05,-5.033976431121701e-05,-5.033976431121701e-05,-5.033976431121701e-05,-0.28297331468276143,-0.28297331468276143,-0.28297331468276143,-0.28297331468276143,0.47445972495088407,0.47445972495088407,0.47445972495088407,0.47445972495088407,0.7053045186640472,0.7053045186640472,0.7053045186640472,0.7053045186640472,1018.0,1018.0,1018,1018
LightGBM,1,model,0.0005,True,False,0.5184622902645284,0.5184622902645284,0.5184622902645284,0.5184622902645284,8.356777961734838e-05,8.356777961734838e-05,8.356777961734838e-05,8.356777961734838e-05,-0.08680449331821893,-0.08680449331821893,-0.08680449331821893,-0.08680449331821893,0.10510805500982318,0.10510805500982318,0.10510805500982318,0.10510805500982318,0.20726915520628683,0.20726915520628683,0.20726915520628683,0.20726915520628683,1018.0,1018.0,1018,1018
LightGBM,1,model,0.001,True,False,0.41573119362297695,0.41573119362297695,0.41573119362297695,0.41573119362297695,4.9021627934231674e-05,4.9021627934231674e-05,4.9021627934231674e-05,4.9021627934231674e-05,-0.0728165793215112,-0.0728165793215112,-0.0728165793215112,-0.0728165793215112,0.043222003929273084,0.043222003929273084,0.043222003929273084,0.043222003929273084,0.1031434184675835,0.1031434184675835,0.1031434184675835,0.1031434184675835,1018.0,1018.0,1018,1018
LightGBM,5,model,0.0,True,False,0.9952175728728623,1.0722950674640759,0.7212295309114264,1.3219391321329548,0.0013914925374904435,0.0014369648008352037,0.0010034623181583227,0.0018910896174927961,-0.060697076666426916,-0.06346137554339193,-0.08120173426727095,-0.04472851673201783,0.5657587172800155,0.5784313725490197,0.5320197044334976,0.5882352941176471,0.43618274896165365,0.43137254901960786,0.39215686274509803,0.5123152709359606,203.6,204.0,203,204
LightGBM,5,model,0.0005,True,False,1.0949217531278719,1.2430284386889874,0.5781067046099916,1.4965127726738001,0.0012983921299416473,0.0015356996571778158,0.0006796143550450843,0.0017983103312146816,-0.055952395424679335,-0.060346051076776375,-0.06775481519571813,-0.03488168273444281,0.3791316526610644,0.37254901960784315,0.3497536945812808,0.4068627450980392,0.36152805949966194,0.35784313725490197,0.31862745098039214,0.4187192118226601,203.6,204.0,203,204
LightGBM,5,model,0.001,True,False,0.933779673972176,1.072104474936468,0.4106768893514384,1.353494167466478,0.0009791709871755714,0.0011594832756883725,0.0004363554666140499,0.001423150829221759,-0.047095408165068166,-0.04084600600865662,-0.06775481519571824,-0.031944934698199146,0.2661788853472423,0.25980392156862747,0.24630541871921183,0.28921568627450983,0.2918043079300686,0.28921568627450983,0.25,0.3497536945812808,203.6,204.0,203,204
LightGBM,10,model,0.0,True,False,1.4661267604972603,1.4363635978683602,1.0662901844134196,2.062575674212734,0.00392532948732274,0.0039800051406400395,0.002902801770325592,0.005344279460028511,-0.050890193546933596,-0.05276605991717104,-0.059646332503632826,-0.03488168273444292,0.6198990487284022,0.6176470588235294,0.5784313725490197,0.6764705882352942,0.4755581440496991,0.49019607843137253,0.37254901960784315,0.5346534653465347,101.8,102.0,101,102
LightGBM,10,model,0.0005,True,False,1.6802307465372053,1.6451173561515762,1.4135502889997598,2.189839457717303,0.004213808852672127,0.004001237597863798,0.0035565455166487354,0.005381853045966354,-0.04485043054262901,-0.044290613370862264,-0.060426600467307745,-0.031944934698199146,0.5550475635798874,0.5686274509803921,0.5,0.6039603960396039,0.48531353135313526,0.4803921568627451,0.4019607843137255,0.5643564356435643,101.8,102.0,101,102
LightGBM,10,model,0.001,True,False,1.8304567382858736,1.8986238028360498,1.3876902415358936,2.2179714520255773,0.0042303819528293676,0.004291407760170675,0.003277860846548098,0.005173204653288838,-0.04103460365595929,-0.04146594542397486,-0.05502133982553026,-0.03178551686014308,0.4646476412347117,0.4679188507086003,0.4117647058823529,0.5196078431372549,0.4568627450980392,0.44826247330615415,0.39215686274509803,0.5544554455445545,101.8,102.0,101,102
LightGBM,20,model,0.0,True,False,1.6341632434459812,1.5360594230571367,1.2227761880435082,2.3728433300112695,0.008382166810963309,0.007852277923737674,0.006481844542793538,0.011530421663010285,-0.039838907075412246,-0.03939730427259913,-0.059302531421490445,-0.02575488454706898,0.6739019607843137,0.6666666666666666,0.6078431372549019,0.7058823529411765,0.6996862745098039,0.7450980392156863,0.5098039215686274,0.84,50.9,51.0,50,51
LightGBM,20,model,0.0005,True,False,1.6764729904679379,1.7109720007771436,0.9906684274299014,2.3418327701127897,0.008308021224943167,0.008539733400539444,0.004966621997008095,0.010593854543686663,-0.037248225649201765,-0.03130093727431171,-0.059302531421490445,-0.02304947216314901,0.6325294117647059,0.6435294117647059,0.54,0.6862745098039216,0.681843137254902,0.6862745098039216,0.5490196078431373,0.84,50.9,51.0,50,51
LightGBM,20,model,0.001,True,False,1.7096248273954722,1.7847566277724738,0.9656459782133333,2.316320272531183,0.00816487657127065,0.008526668559697238,0.004752837800058577,0.010615271082736497,-0.035084834502672954,-0.03055810882911647,-0.059302531421490445,-0.023244842731008464,0.5942352941176471,0.5841176470588235,0.5294117647058824,0.6862745098039216,0.6768627450980392,0.6862745098039216,0.5294117647058824,0.8235294117647058,50.9,51.0,50,51
MLP,1,model,0.0,True,False,0.5252734970735689,0.5252734970735689,0.5252734970735689,0.5252734970735689,0.00015385318864054775,0.00015385318864054775,0.00015385318864054775,0.00015385318864054775,-0.09271847417900214,-0.09271847417900214,-0.09271847417900214,-0.09271847417900214,0.5029469548133595,0.5029469548133595,0.5029469548133595,0.5029469548133595,0.9449901768172888,0.9449901768172888,0.9449901768172888,0.9449901768172888,1018.0,1018.0,1018,1018
MLP,1,model,0.0005,True,False,0.43530557903474854,0.43530557903474854,0.43530557903474854,0.43530557903474854,0.00011712581535296985,0.00011712581535296985,0.00011712581535296985,0.00011712581535296985,-0.11124217346401044,-0.11124217346401044,-0.11124217346401044,-0.11124217346401044,0.42829076620825146,0.42829076620825146,0.42829076620825146,0.42829076620825146,0.9508840864440079,0.9508840864440079,0.9508840864440079,0.9508840864440079,1018.0,1018.0,1018,1018
MLP,1,model,0.001,True,False,0.3972966055167533,0.3972966055167533,0.3972966055167533,0.3972966055167533,9.92868058839994e-05,9.92868058839994e-05,9.92868058839994e-05,9.92868058839994e-05,-0.1188047729009104,-0.1188047729009104,-0.1188047729009104,-0.1188047729009104,0.3575638506876228,0.3575638506876228,0.3575638506876228,0.3575638506876228,0.8585461689587426,0.8585461689587426,0.8585461689587426,0.8585461689587426,1018.0,1018.0,1018,1018
MLP,5,model,0.0,True,False,0.7648115139600445,0.6734449171222903,0.3877496931569291,1.410504395891792,0.0010640176843054348,0.0009642082486148583,0.0005642352373688717,0.0019333115027812399,-0.11113504757798956,-0.09292403557420059,-0.1698952209380299,-0.0828399895647779,0.5530764029749831,0.5517241379310345,0.5196078431372549,0.5862068965517241,0.917531150391191,0.9064039408866995,0.8529411764705882,0.9753694581280788,203.6,204.0,203,204
MLP,5,model,0.0005,True,False,0.7503711483152542,0.6220295196507842,0.25372032004079637,1.5272433853862823,0.0010144637886168929,0.0008495938131946257,0.000364732857043657,0.002032681898732062,-0.10754357438700753,-0.08918469094486714,-0.17740478595251796,-0.06520595968448706,0.5265526900415338,0.5147058823529411,0.49019607843137253,0.5714285714285714,0.9057374674007533,0.896551724137931,0.8627450980392157,0.9556650246305419,203.6,204.0,203,204
MLP,5,model,0.001,True,False,0.7371617293693408,0.6183676258590384,0.3110773256597028,1.463280998829999,0.0009808100447991565,0.0008121813322184331,0.0004376114940993177,0.0019120981381456784,-0.10612240057858084,-0.09042041350925334,-0.16710167408618493,-0.06777838548228687,0.5010286873370038,0.4950980392156863,0.47058823529411764,0.5467980295566502,0.9057278083647251,0.896551724137931,0.8725490196078431,0.9458128078817734,203.6,204.0,203,204
MLP,10,model,0.0,True,False,0.6021362170454322,0.5324799544738638,0.2802758841870014,1.1506550871854817,0.0016596629162352033,0.0015226461607725007,0.0008294295382394035,0.003146802403807572,-0.09084237960881415,-0.09251041195223897,-0.13985713221588036,-0.05495179666958783,0.5481848184818482,0.5615899825276645,0.4803921568627451,0.5882352941176471,0.907765482430596,0.9117647058823529,0.803921568627451,1.0,101.8,102.0,101,102
MLP,10,model,0.0005,True,False,0.598725014336552,0.5400876498676894,0.31349641401109424,1.1647937987006585,0.001609834062006206,0.0013573240325623662,0.0009146650387791034,0.0030232402714917535,-0.09235443130250502,-0.089971454634372,-0.1312650105813603,-0.0668067912467113,0.5294700058241119,0.5270821199767035,0.47058823529411764,0.5784313725490197,0.9028052805280528,0.9162298582799456,0.7941176470588235,1.0,101.8,102.0,101,102
MLP,10,model,0.001,True,False,0.6293791847177903,0.5118455914878589,0.36272340721065305,1.2967544058132954,0.0016740588964924467,0.001380812124210845,0.0009825304787555557,0.003299779644739087,-0.09117391623754326,-0.08997145463437206,-0.13126501058136053,-0.06264283500659862,0.5088526499708794,0.5024752475247525,0.47058823529411764,0.5686274509803921,0.8939817511162881,0.8965249466123083,0.7549019607843137,1.0392156862745099,101.8,102.0,101,102
MLP,20,model,0.0,True,False,0.9782926593657416,1.0468789632930093,0.27873367549490013,1.6218970923312446,0.0053367246221198705,0.005665782745198482,0.0015055785011883255,0.008504294063823335,-0.08279585822673932,-0.0764036102479736,-0.13745179715217004,-0.04681602830971565,0.6178823529411764,0.6274509803921569,0.5294117647058824,0.7058823529411765,0.8172156862745098,0.8117647058823529,0.6274509803921569,0.9803921568627451,50.9,51.0,50,51
MLP,20,model,0.0005,True,False,0.9923011046453482,1.0414583605253065,0.27873367549490013,1.6978848498182961,0.005340364347223756,0.005580412334272504,0.0015055785011883255,0.008940482474555079,-0.081126859990242,-0.0764036102479736,-0.13745179715217004,-0.03542294561742354,0.6061176470588235,0.6078431372549019,0.5098039215686274,0.7058823529411765,0.8191764705882353,0.8117647058823529,0.6274509803921569,1.0196078431372548,50.9,51.0,50,51
MLP,20,model,0.001,True,False,0.99370549240451,1.052002989577872,0.27439738099616506,1.6978848498182961,0.005281500490755106,0.0054080134377214595,0.0015729631199485799,0.008940482474555079,-0.08000361413877159,-0.07350829811265364,-0.13745179715217004,-0.03456294103161939,0.5904313725490196,0.5941176470588235,0.5098039215686274,0.6862745098039216,0.8181176470588236,0.7941176470588236,0.6666666666666666,1.0196078431372548,50.9,51.0,50,51
RandomForest,1,model,0.0,True,False,-0.35236560463907685,-0.35236560463907685,-0.35236560463907685,-0.35236560463907685,-0.00010334135135681487,-0.00010334135135681487,-0.00010334135135681487,-0.00010334135135681487,-0.2381666169472283,-0.2381666169472283,-0.2381666169472283,-0.2381666169472283,0.47053045186640474,0.47053045186640474,0.47053045186640474,0.47053045186640474,0.4027504911591356,0.4027504911591356,0.4027504911591356,0.4027504911591356,1018.0,1018.0,1018,1018
RandomForest,1,model,0.0005,True,False,0.4959627983467943,0.4959627983467943,0.4959627983467943,0.4959627983467943,4.985330027552483e-05,4.985330027552483e-05,4.985330027552483e-05,4.985330027552483e-05,-0.03294826596975764,-0.03294826596975764,-0.03294826596975764,-0.03294826596975764,0.02455795677799607,0.02455795677799607,0.02455795677799607,0.02455795677799607,0.06974459724950884,0.06974459724950884,0.06974459724950884,0.06974459724950884,1018.0,1018.0,1018,1018
RandomForest,1,model,0.001,True,False,0.7343224832289283,0.7343224832289283,0.7343224832289283,0.7343224832289283,4.256635527726543e-05,4.256635527726543e-05,4.256635527726543e-05,4.256635527726543e-05,-0.00489398118529738,-0.00489398118529738,-0.00489398118529738,-0.00489398118529738,0.004911591355599214,0.004911591355599214,0.004911591355599214,0.004911591355599214,0.015717092337917484,0.015717092337917484,0.015717092337917484,0.015717092337917484,1018.0,1018.0,1018,1018
RandomForest,5,model,0.0,True,False,1.2154024315641425,1.31995319882453,0.7899128332148704,1.5062140216018831,0.0016851037011255347,0.0018144215483979424,0.0010899931838447014,0.0019965305944644124,-0.04864134898092094,-0.05198404009668878,-0.05704020679197486,-0.03512297834889655,0.5687433594127306,0.5735294117647058,0.5517241379310345,0.5784313725490197,0.29277504105090313,0.28431372549019607,0.2647058823529412,0.3448275862068966,203.6,204.0,203,204
RandomForest,5,model,0.0005,True,False,1.3078938794290438,1.4024997873439524,0.8029100974631223,1.554601279116083,0.0015260760346699,0.0015419702831268992,0.0009570523015851505,0.0018434161360395256,-0.03494211180960009,-0.03194493469819926,-0.044858363435265614,-0.02763963274674741,0.36443542934415146,0.3627450980392157,0.35784313725490197,0.37745098039215685,0.2622669757558196,0.26108374384236455,0.2512315270935961,0.2696078431372549,203.6,204.0,203,204
RandomForest,5,model,0.001,True,False,1.1805902722766093,1.2475490825294224,0.7340625331264637,1.5831628459455271,0.001158212747622562,0.0012036627207808852,0.00073216309375042,0.0014159813614505938,-0.031327636740738685,-0.03178551686014319,-0.03917272806940686,-0.022592886770805953,0.22790012556746836,0.22549019607843138,0.22058823529411764,0.23645320197044334,0.18958272964358155,0.19117647058823528,0.1724137931034483,0.2019704433497537,203.6,204.0,203,204
RandomForest,10,model,0.0,True,False,1.9182530230311858,2.0035066505732186,1.2880566177435602,2.2179543649669573,0.004970054555234467,0.005194291300956591,0.003525214079545709,0.005636597876403182,-0.03969250187105523,-0.03590826749751708,-0.06195393169181895,-0.028258246178599955,0.6424189477771306,0.642156862745098,0.6078431372549019,0.6862745098039216,0.41638516792855756,0.4117647058823529,0.33663366336633666,0.49019607843137253,101.8,102.0,101,102
RandomForest,10,model,0.0005,True,False,1.9095868392269864,1.9388480453090304,1.5987811385813564,2.100320257280467,0.004692286705046084,0.004714339106597952,0.003993999818591894,0.0052658305203753305,-0.03584264308265728,-0.033413308716320866,-0.06195393169181884,-0.02650602409638536,0.5589594253543002,0.5566394874781596,0.5294117647058824,0.5882352941176471,0.3910308677926616,0.3940982333527471,0.3333333333333333,0.45544554455445546,101.8,102.0,101,102
RandomForest,10,model,0.001,True,False,1.8958519461257004,1.8909192139871105,1.6477202684876717,2.234603237123778,0.0044013012681050605,0.004409198413947751,0.0037414508982433477,0.005258643260918403,-0.03467993353305576,-0.03186522577917117,-0.06195393169181884,-0.0244321049974755,0.4714909726266744,0.46796738497379153,0.43137254901960786,0.5196078431372549,0.37330615414482626,0.37434478741991845,0.3431372549019608,0.40594059405940597,101.8,102.0,101,102
RandomForest,20,model,0.0,True,False,2.2788382587361324,2.2916645029867047,1.7722601763245849,2.828902053110414,0.010878517908990647,0.011149804389620308,0.008785218545015707,0.01238575451487065,-0.03139691481586223,-0.031208316358099952,-0.05109145652992064,-0.02048192771084334,0.7376666666666667,0.7450980392156863,0.6470588235294118,0.8235294117647058,0.5778039215686275,0.5882352941176471,0.5098039215686274,0.68,50.9,51.0,50,51
RandomForest,20,model,0.0005,True,False,2.324639100217361,2.3144747489144564,1.8264373500384297,2.776613285539906,0.010751383013534937,0.01080866528325216,0.008343744151016765,0.012597962146399726,-0.03010669769539919,-0.02755799133080744,-0.05109145652992053,-0.02048192771084345,0.7061960784313726,0.7058823529411765,0.6274509803921569,0.7843137254901961,0.5778039215686275,0.5686274509803921,0.5098039215686274,0.72,50.9,51.0,50,51
RandomForest,20,model,0.001,True,False,2.3175247508026855,2.306626565118811,1.7771572854340816,2.8845677143709665,0.010455650984834756,0.010586294745684198,0.008207776581310545,0.0120774141178177,-0.02802967877405313,-0.02755799133080744,-0.03693485226059123,-0.02048192771084345,0.6737843137254902,0.6764705882352942,0.5882352941176471,0.7450980392156863,0.5640000000000001,0.5490196078431373,0.47058823529411764,0.7058823529411765,50.9,51.0,50,51
RandomWalk,1,model,0.0,True,False,,,,,0.0,0.0,0.0,0.0,0.0,0.0,0.0,0.0,0.0,0.0,0.0,0.0,0.0,0.0,0.0,0.0,1018.0,1018.0,1018,1018
RandomWalk,1,model,0.0005,True,False,,,,,0.0,0.0,0.0,0.0,0.0,0.0,0.0,0.0,0.0,0.0,0.0,0.0,0.0,0.0,0.0,0.0,1018.0,1018.0,1018,1018
RandomWalk,1,model,0.001,True,False,,,,,0.0,0.0,0.0,0.0,0.0,0.0,0.0,0.0,0.0,0.0,0.0,0.0,0.0,0.0,0.0,0.0,1018.0,1018.0,1018,1018
RandomWalk,5,model,0.0,True,False,,,,,0.0,0.0,0.0,0.0,0.0,0.0,0.0,0.0,0.0,0.0,0.0,0.0,0.0,0.0,0.0,0.0,203.6,204.0,203,204
RandomWalk,5,model,0.0005,True,False,,,,,0.0,0.0,0.0,0.0,0.0,0.0,0.0,0.0,0.0,0.0,0.0,0.0,0.0,0.0,0.0,0.0,203.6,204.0,203,204
RandomWalk,5,model,0.001,True,False,,,,,0.0,0.0,0.0,0.0,0.0,0.0,0.0,0.0,0.0,0.0,0.0,0.0,0.0,0.0,0.0,0.0,203.6,204.0,203,204
RandomWalk,10,model,0.0,True,False,,,,,0.0,0.0,0.0,0.0,0.0,0.0,0.0,0.0,0.0,0.0,0.0,0.0,0.0,0.0,0.0,0.0,101.8,102.0,101,102
RandomWalk,10,model,0.0005,True,False,,,,,0.0,0.0,0.0,0.0,0.0,0.0,0.0,0.0,0.0,0.0,0.0,0.0,0.0,0.0,0.0,0.0,101.8,102.0,101,102
RandomWalk,10,model,0.001,True,False,,,,,0.0,0.0,0.0,0.0,0.0,0.0,0.0,0.0,0.0,0.0,0.0,0.0,0.0,0.0,0.0,0.0,101.8,102.0,101,102
RandomWalk,20,model,0.0,True,False,,,,,0.0,0.0,0.0,0.0,0.0,0.0,0.0,0.0,0.0,0.0,0.0,0.0,0.0,0.0,0.0,0.0,50.9,51.0,50,51
RandomWalk,20,model,0.0005,True,False,,,,,0.0,0.0,0.0,0.0,0.0,0.0,0.0,0.0,0.0,0.0,0.0,0.0,0.0,0.0,0.0,0.0,50.9,51.0,50,51
RandomWalk,20,model,0.001,True,False,,,,,0.0,0.0,0.0,0.0,0.0,0.0,0.0,0.0,0.0,0.0,0.0,0.0,0.0,0.0,0.0,0.0,50.9,51.0,50,51
Ridge,1,model,0.0,True,False,1.2154412196049402,1.2154412196049402,1.2154412196049402,1.2154412196049402,0.0003550889450117938,0.0003550889450117938,0.0003550889450117938,0.0003550889450117938,-0.07443981478609363,-0.07443981478609363,-0.07443981478609363,-0.07443981478609363,0.5333988212180747,0.5333988212180747,0.5333988212180747,0.5333988212180747,0.7367387033398821,0.7367387033398821,0.7367387033398821,0.7367387033398821,1018.0,1018.0,1018,1018
Ridge,1,model,0.0005,True,False,1.2145998029705927,1.2145998029705927,1.2145998029705927,1.2145998029705927,0.0002780625196562666,0.0002780625196562666,0.0002780625196562666,0.0002780625196562666,-0.10043293896411676,-0.10043293896411676,-0.10043293896411676,-0.10043293896411676,0.29273084479371314,0.29273084479371314,0.29273084479371314,0.29273084479371314,0.593320235756385,0.593320235756385,0.593320235756385,0.593320235756385,1018.0,1018.0,1018,1018
Ridge,1,model,0.001,True,False,1.6562148436597004,1.6562148436597004,1.6562148436597004,1.6562148436597004,0.0002851051641225675,0.0002851051641225675,0.0002851051641225675,0.0002851051641225675,-0.041627960696689614,-0.041627960696689614,-0.041627960696689614,-0.041627960696689614,0.16011787819253437,0.16011787819253437,0.16011787819253437,0.16011787819253437,0.34479371316306484,0.34479371316306484,0.34479371316306484,0.34479371316306484,1018.0,1018.0,1018,1018
Ridge,5,model,0.0,True,False,0.46811258400375494,0.4758462282725991,0.17276935372033983,0.7287490451163637,0.0006618345412316136,0.0006893942145435647,0.00023442331076165885,0.0010063070471860304,-0.11607172681672684,-0.1182668668853103,-0.14010007008048952,-0.09880811038476278,0.5216169226311214,0.5147058823529411,0.4975369458128079,0.5517241379310345,0.28091374480826814,0.27586206896551724,0.2561576354679803,0.30392156862745096,203.6,204.0,203,204
Ridge,5,model,0.0005,True,False,0.5532302085477796,0.6284759882976716,0.044561134404016704,0.7946834743908846,0.0007380791518556698,0.0008839039918467998,5.700085947987895e-05,0.001004983560988525,-0.11055563203273247,-0.11112618583597111,-0.14744070386556674,-0.08709530323757397,0.470559258186033,0.46078431372549017,0.4411764705882353,0.5123152709359606,0.29077562059306483,0.29411764705882354,0.2696078431372549,0.3054187192118227,203.6,204.0,203,204
Ridge,5,model,0.001,True,False,0.4250700026737661,0.3336479265291124,0.21027302826857416,0.6768423719176146,0.0005248211075868564,0.0004242230978768985,0.0002562458281981365,0.0008503918793267044,-0.10986470882280867,-0.11783719272004811,-0.12394046710336248,-0.09150178168425094,0.39100260793972763,0.39215686274509803,0.36764705882352944,0.4236453201970443,0.26533854921278854,0.2696078431372549,0.20098039215686275,0.33004926108374383,203.6,204.0,203,204
Ridge,10,model,0.0,True,False,0.3407607429588699,0.3254785210107654,-0.06454128954643293,0.8473749253518507,0.0009620967984931865,0.0008847974417710821,-0.00018908567969103544,0.0024751002340444362,-0.1195889633147901,-0.11711978260617878,-0.16668294516763915,-0.08459076360310958,0.530508639099204,0.5294117647058824,0.49019607843137253,0.5980392156862745,0.1983110075713454,0.19607843137254904,0.13725490196078433,0.27450980392156865,101.8,102.0,101,102
Ridge,10,model,0.0005,True,False,0.37469370840965943,0.34602991595420746,-0.002159542057549686,0.8640645867005924,0.0010244286641032726,0.000884118641267835,-6.238335184889e-06,0.002501654938852659,-0.11521331346629485,-0.11539915775510978,-0.16835239364003718,-0.08459076360310958,0.5000679479712676,0.49019607843137253,0.46078431372549017,0.5643564356435643,0.19737914967967385,0.19607843137254902,0.14705882352941177,0.28431372549019607,101.8,102.0,101,102
Ridge,10,model,0.001,True,False,0.3859147407496176,0.39638857984724496,0.03653440642938955,0.9213833215619436,0.0010215219496622755,0.001033072523921133,9.662661014764453e-05,0.002641537507517771,-0.11452191485604091,-0.11207497415738021,-0.16993034557633802,-0.08459076360310969,0.46368666278392545,0.45098039215686275,0.43137254901960786,0.5294117647058824,0.2268588623568239,0.22058823529411764,0.16831683168316833,0.30392156862745096,101.8,102.0,101,102
Ridge,20,model,0.0,True,False,0.37385975941562466,0.3653825611024819,0.0815846528015859,0.6421977760583445,0.002128369536547425,0.002072362160316728,0.00045154174492998236,0.0035307313863112643,-0.10621831950715262,-0.10126483581852458,-0.14291492599732003,-0.08885443840664731,0.540235294117647,0.5392156862745099,0.47058823529411764,0.6078431372549019,0.27309803921568626,0.27450980392156865,0.19607843137254902,0.5098039215686274,50.9,51.0,50,51
Ridge,20,model,0.0005,True,False,0.34738741991636113,0.35284118558281863,0.046187580995222965,0.5411387708305745,0.0019642042899949874,0.0019894772684893847,0.00025018717460738126,0.0031384592746648713,-0.10751855565141041,-0.10100923927247157,-0.1558447641289138,-0.07934342369549263,0.5235490196078432,0.5247058823529411,0.47058823529411764,0.5882352941176471,0.27215686274509804,0.2549019607843137,0.19607843137254902,0.43137254901960786,50.9,51.0,50,51
Ridge,20,model,0.001,True,False,0.3271802601622156,0.3132359279072121,0.03435313112133816,0.646548852587841,0.0018279678180509289,0.0018095982254801132,0.0001860572378825911,0.003423845098749898,-0.10731895502421651,-0.10034941646308604,-0.13733759329743367,-0.07934342369549263,0.5078431372549019,0.5098039215686274,0.45098039215686275,0.5882352941176471,0.28,0.27450980392156865,0.19607843137254902,0.37254901960784315,50.9,51.0,50,51
Transformer,1,model,0.0,True,False,0.2332697145585501,0.2332697145585501,0.2332697145585501,0.2332697145585501,6.840091902028894e-05,6.840091902028894e-05,6.840091902028894e-05,6.840091902028894e-05,-0.12827250503372278,-0.12827250503372278,-0.12827250503372278,-0.12827250503372278,0.4931237721021611,0.4931237721021611,0.4931237721021611,0.4931237721021611,0.12180746561886051,0.12180746561886051,0.12180746561886051,0.12180746561886051,1018.0,1018.0,1018,1018
Transformer,1,model,0.0005,True,False,0.1095741597815105,0.1095741597815105,0.1095741597815105,0.1095741597815105,3.071021646998779e-05,3.071021646998779e-05,3.071021646998779e-05,3.071021646998779e-05,-0.1367440938276605,-0.1367440938276605,-0.1367440938276605,-0.1367440938276605,0.444007858546169,0.444007858546169,0.444007858546169,0.444007858546169,0.14931237721021612,0.14931237721021612,0.14931237721021612,0.14931237721021612,1018.0,1018.0,1018,1018
Transformer,1,model,0.001,True,False,0.2655066639200711,0.2655066639200711,0.2655066639200711,0.2655066639200711,7.145262138098846e-05,7.145262138098846e-05,7.145262138098846e-05,7.145262138098846e-05,-0.1145642276145179,-0.1145642276145179,-0.1145642276145179,-0.1145642276145179,0.4037328094302554,0.4037328094302554,0.4037328094302554,0.4037328094302554,0.13261296660117877,0.13261296660117877,0.13261296660117877,0.13261296660117877,1018.0,1018.0,1018,1018
Transformer,5,model,0.0,True,False,-0.25574477677511914,-0.2230913018314297,-0.4121303180836212,-0.10467376915862822,-0.0003558294575231682,-0.0003121219780922536,-0.0005606558737489065,-0.00015252035950479823,-0.17056495285784784,-0.17599227306873955,-0.1956357500561995,-0.14166759486411817,0.5127789046653144,0.5245098039215687,0.47549019607843135,0.5320197044334976,0.3929489036994108,0.39408866995073893,0.3333333333333333,0.43137254901960786,203.6,204.0,203,204
Transformer,5,model,0.0005,True,False,-0.3701043687764477,-0.3839349741002343,-0.5270077604768947,-0.20739526693552257,-0.0004964295590967853,-0.0005118359256305875,-0.0006877649981174956,-0.00029500711286585996,-0.17780526659190443,-0.18693448135770596,-0.19629529421814584,-0.1473912128623266,0.4675939341253743,0.47549019607843135,0.43137254901960786,0.4876847290640394,0.39882159760455904,0.39215686274509803,0.3842364532019704,0.41379310344827586,203.6,204.0,203,204
Transformer,5,model,0.001,True,False,-0.4181247464021524,-0.3608085440080358,-0.5646610493136831,-0.34142439999907903,-0.0005445182696786003,-0.00047584834800624775,-0.0007041673364152393,-0.00045500211859182655,-0.19027355904520282,-0.19020182497948268,-0.19827220373516008,-0.1791129597403578,0.42732541292379017,0.4362745098039216,0.38235294117647056,0.458128078817734,0.41845841784989857,0.41379310344827586,0.4117647058823529,0.43137254901960786,203.6,204.0,203,204
Transformer,10,model,0.0,True,False,-0.5084930892706108,-0.5042818276210747,-0.6729561698976864,-0.3482669121548401,-0.0014183441176705332,-0.001436062067429824,-0.001918694124693612,-0.0009842428599072615,-0.21006927814688026,-0.21040942551347175,-0.24512033006963563,-0.1769744999936096,0.47352941176470587,0.4852941176470588,0.4215686274509804,0.504950495049505,0.3183071248301301,0.3137254901960784,0.3137254901960784,0.3564356435643564,101.8,102.0,101,102
Transformer,10,model,0.0005,True,False,-0.47078831614385114,-0.5003967650920698,-0.6206036132866185,-0.29723006228879706,-0.0012853764680099097,-0.0013276390143494529,-0.0017706881523354956,-0.0008432170967712763,-0.20115150705016957,-0.2013333292189608,-0.23363775078824356,-0.16455831259149156,0.4597748010095127,0.46078431372549017,0.4019607843137255,0.49019607843137253,0.332052028732285,0.3333333333333333,0.29411764705882354,0.3564356435643564,101.8,102.0,101,102
Transformer,10,model,0.001,True,False,-0.5087585373404133,-0.45412200653931334,-0.8359120800318662,-0.28211286266618074,-0.0013336809032155918,-0.0012268274283967738,-0.0021483234057874116,-0.0007609588061743517,-0.20465804479137076,-0.19631220512456127,-0.2625958067631389,-0.15886785047329877,0.42640264026402636,0.42647058823529416,0.37254901960784315,0.4752475247524752,0.33799262279169096,0.3333333333333333,0.29411764705882354,0.39603960396039606,101.8,102.0,101,102
Transformer,20,model,0.0,True,False,0.17025240659030447,0.17354357567282575,0.08911784659812902,0.26854995912738866,0.0009709630354738751,0.0010141202223395492,0.0005005760215789568,0.0014502710783972663,-0.12508228390831283,-0.12511035507673512,-0.14344971220799652,-0.10049217002237165,0.5205882352941177,0.5149019607843137,0.43137254901960786,0.5686274509803921,0.07858823529411765,0.0784313725490196,0.0784313725490196,0.08,50.9,51.0,50,51
Transformer,20,model,0.0005,True,False,0.17025240659030447,0.17354357567282575,0.08911784659812902,0.26854995912738866,0.0009709630354738751,0.0010141202223395492,0.0005005760215789568,0.0014502710783972663,-0.12508228390831283,-0.12511035507673512,-0.14344971220799652,-0.10049217002237165,0.5205882352941177,0.5149019607843137,0.43137254901960786,0.5686274509803921,0.07858823529411765,0.0784313725490196,0.0784313725490196,0.08,50.9,51.0,50,51
Transformer,20,model,0.001,True,False,0.17025240659030447,0.17354357567282575,0.08911784659812902,0.26854995912738866,0.0009709630354738751,0.0010141202223395492,0.0005005760215789568,0.0014502710783972663,-0.12508228390831283,-0.12511035507673512,-0.14344971220799652,-0.10049217002237165,0.5205882352941177,0.5149019607843137,0.43137254901960786,0.5686274509803921,0.07858823529411765,0.0784313725490196,0.0784313725490196,0.08,50.9,51.0,50,51
XGBoost,1,model,0.0,True,False,0.008042548434740128,0.008042548434740128,0.008042548434740128,0.008042548434740128,2.3579688103214057e-06,2.3579688103214057e-06,2.3579688103214057e-06,2.3579688103214057e-06,-0.23123232798982873,-0.23123232798982873,-0.23123232798982873,-0.23123232798982873,0.4911591355599214,0.4911591355599214,0.4911591355599214,0.4911591355599214,0.5599214145383105,0.5599214145383105,0.5599214145383105,0.5599214145383105,1018.0,1018.0,1018,1018
XGBoost,1,model,0.0005,True,False,0.547456002320668,0.547456002320668,0.547456002320668,0.547456002320668,8.752810796577494e-05,8.752810796577494e-05,8.752810796577494e-05,8.752810796577494e-05,-0.05321624177793427,-0.05321624177793427,-0.05321624177793427,-0.05321624177793427,0.09037328094302555,0.09037328094302555,0.09037328094302555,0.09037328094302555,0.16208251473477406,0.16208251473477406,0.16208251473477406,0.16208251473477406,1018.0,1018.0,1018,1018
XGBoost,1,model,0.001,True,False,0.7759283173535231,0.7759283173535231,0.7759283173535231,0.7759283173535231,8.714145200021671e-05,8.714145200021671e-05,8.714145200021671e-05,8.714145200021671e-05,-0.04074069313025197,-0.04074069313025197,-0.04074069313025197,-0.04074069313025197,0.030451866404715127,0.030451866404715127,0.030451866404715127,0.030451866404715127,0.0756385068762279,0.0756385068762279,0.0756385068762279,0.0756385068762279,1018.0,1018.0,1018,1018
XGBoost,5,model,0.0,True,False,0.9024727861718895,0.9318480746286717,0.5533399701090919,1.0655958635602085,0.0012617849288606563,0.0013306827749441277,0.0007657188038562777,0.0014931397065138649,-0.07104860389619083,-0.0778457271356755,-0.09651563372241612,-0.031944934698199146,0.5559692842654302,0.5588235294117647,0.541871921182266,0.5686274509803921,0.40867381435332756,0.41379310344827586,0.37254901960784315,0.43349753694581283,203.6,204.0,203,204
XGBoost,5,model,0.0005,True,False,1.0976284146310564,1.1098249871733084,0.6786650926342664,1.319738659037682,0.0012214117410534672,0.0012849917197649786,0.0007761397194365727,0.0014764487106017357,-0.04541730868053342,-0.0437899053148566,-0.06775481519571813,-0.031944934698199146,0.30647638365691104,0.3088235294117647,0.2955665024630542,0.31862745098039214,0.28195209118130016,0.2696078431372549,0.2413793103448276,0.3497536945812808,203.6,204.0,203,204
XGBoost,5,model,0.001,True,False,0.9457775322885503,1.009308072783785,0.6308481704342798,1.0575205127467575,0.000949027475604812,0.0010114059734598918,0.0006296126784017054,0.001087744974832068,-0.04677794412986971,-0.04179580270964367,-0.06775481519571802,-0.031944934698199146,0.21515019801023855,0.21568627450980393,0.19607843137254902,0.23645320197044334,0.19156283202936347,0.18137254901960784,0.1724137931034483,0.22167487684729065,203.6,204.0,203,204
XGBoost,10,model,0.0,True,False,1.2291410257051818,1.2153306457306399,0.9683583281946784,1.5639976692389834,0.0033182980712655476,0.0032981230471341967,0.0026295261369099366,0.003977636413725437,-0.04967065331532498,-0.0535390645722042,-0.063524223387454,-0.03459210147016378,0.5864977674238012,0.5960493108134343,0.5392156862745098,0.6336633663366337,0.3693263443991458,0.36274509803921573,0.3333333333333333,0.43137254901960786,101.8,102.0,101,102
XGBoost,10,model,0.0005,True,False,1.3243996621120213,1.351533719909848,0.8228113953654418,1.9700810296070885,0.003223908368010695,0.003226426879339302,0.002096652156382249,0.004228729669367838,-0.04294338254674627,-0.04118119208484544,-0.061953931691819064,-0.03194493469819926,0.4705591147350029,0.48514851485148514,0.4215686274509804,0.5098039215686274,0.39491360900795963,0.4019607843137255,0.3627450980392157,0.4215686274509804,101.8,102.0,101,102
XGBoost,10,model,0.001,True,False,1.4236555943383593,1.519096195775492,0.6583240164079787,2.038618642724391,0.0031055818395486793,0.0036123982341972464,0.0015515421898862724,0.0042433224516679755,-0.04305320390593257,-0.040017885258471775,-0.061953931691819064,-0.03194493469819926,0.38413900213550767,0.4039021549213745,0.29411764705882354,0.43137254901960786,0.3634828188701223,0.364540865851291,0.30392156862745096,0.38613861386138615,101.8,102.0,101,102
XGBoost,20,model,0.0,True,False,1.2920846446343595,1.32590926747717,0.7732175563944291,1.7312037389446162,0.006885388577975986,0.006942803653203631,0.004658725705026365,0.00852244305676812,-0.05487325794347655,-0.05429352599496834,-0.09568248159470161,-0.027363184079602032,0.6442549019607843,0.6568627450980392,0.56,0.6862745098039216,0.656,0.6274509803921569,0.5098039215686274,0.7843137254901961,50.9,51.0,50,51
XGBoost,20,model,0.0005,True,False,1.394962661217707,1.3931616598718173,0.8561996366655323,1.9756890187009681,0.0069490722028440225,0.006943401591446533,0.004991690733033833,0.008596053909142315,-0.04026311364143073,-0.03527214859054523,-0.061953931691819175,-0.02205956081419891,0.5726274509803921,0.5784313725490196,0.49019607843137253,0.6274509803921569,0.6197058823529412,0.6176470588235294,0.52,0.7058823529411765,50.9,51.0,50,51
XGBoost,20,model,0.001,True,False,1.45388617853716,1.4891039889553006,0.8264327350673254,1.9349503040585703,0.006846429333344076,0.0071164524964490924,0.004300748047122165,0.009166413652949885,-0.03691678219506449,-0.03269748089032115,-0.061953931691819175,-0.021407945832918163,0.5058431372549019,0.5,0.45098039215686275,0.5882352941176471,0.5727843137254902,0.5686274509803921,0.49019607843137253,0.6470588235294118,50.9,51.0,50,51
