date,y_true,y_pred,resid,H,model
2021-11-26,0.0003121585790921699,0.004503605421632528,-0.004191446842540358,5,XGBoost
2021-11-29,-0.0001038044325429865,0.0014835551846772432,-0.0015873596172202298,5,XGBoost
2021-11-30,0.003950930487750526,0.0014610006473958492,0.0024899298403546766,5,XGBoost
2021-12-01,-0.00145894148429182,0.0015544169582426548,-0.003013358442534475,5,XGBoost
2021-12-02,0.001143273002977452,0.0014623424503952265,-0.00031906944741777444,5,XGBoost
2021-12-03,-0.0002080948920220038,0.0014224984915927052,-0.001630593383614709,5,XGBoost
2021-12-06,-0.0001038152090213629,0.001366827287711203,-0.001470642496732566,5,XGBoost
2021-12-07,0.002073184115630511,0.0013516326434910297,0.0007215514721394811,5,XGBoost
2021-12-08,0.006444928753454704,0.0013035449665039778,0.005141383786950726,5,XGBoost
2021-12-09,-0.002391972436821987,0.001523620099760592,-0.0039155925365825794,5,XGBoost
2021-12-10,0.004878818002580054,0.0012744037667289376,0.0036044142358511166,5,XGBoost
2021-12-13,0.002385027314012689,0.0012054424732923508,0.0011795848407203384,5,XGBoost
2021-12-14,-0.0008287579465342532,0.0013384124031290412,-0.0021671703496632944,5,XGBoost
2021-12-15,-0.00446545214731664,0.0012649010168388486,-0.005730353164155488,5,XGBoost
2021-12-16,-0.0002082682502582145,0.0010220048716291785,-0.001230273121887393,5,XGBoost
2021-12-17,-0.00498288168965022,0.0011089243926107883,-0.006091806082261009,5,XGBoost
2021-12-20,-0.003631651202862685,0.0009420079295523465,-0.004573659132415031,5,XGBoost
2021-12-21,-0.005820617202435763,0.0010908647673204541,-0.006911481969756217,5,XGBoost
2021-12-22,-0.001145535142191179,0.0009469782235100865,-0.0020925133657012655,5,XGBoost
2021-12-23,-0.0005208604732578337,0.0008936621597968042,-0.0014145226330546379,5,XGBoost
2021-12-27,0.001248050083996866,0.0008664065971970558,0.0003816434867998102,5,XGBoost
2021-12-28,0.0006235062033024263,0.0009699751972220838,-0.00034646899391965746,5,XGBoost
2021-12-29,0.002498699894533551,0.001036927686072886,0.001461772208460665,5,XGBoost
2021-12-30,0.003640338930973819,0.0010662932181730866,0.0025740457128007326,5,XGBoost
2021-12-31,-0.002608379589363885,0.0011575532844290137,-0.0037659328737928988,5,XGBoost
2022-01-03,-0.002289282997727682,-0.00027591377147473395,-0.002013369226252948,5,XGBoost
2022-01-04,-0.006670860677005841,-0.00035710533848032355,-0.006313755338525517,5,XGBoost
2022-01-05,-0.01308302715682697,-0.0005818887148052454,-0.012501138442021725,5,XGBoost
2022-01-06,-0.01601206309556069,-0.0010360593441873789,-0.014976003751373312,5,XGBoost
2022-01-07,-0.005762496955920682,-0.0013371150707826018,-0.00442538188513808,5,XGBoost
2022-01-10,-0.007634024002730833,-0.0015160338953137398,-0.006117990107417093,5,XGBoost
2022-01-11,0.001149725760305031,-0.0016065146774053574,0.0027562404377103884,5,XGBoost
2022-01-12,0.0061965224790832,-0.0012651198776438832,0.007461642356727083,5,XGBoost
2022-01-13,0.009972265499412991,-0.0010779069270938635,0.011050172426506855,5,XGBoost
2022-01-14,0.004926376505872021,-0.0009366755839437246,0.005863052089815746,5,XGBoost
2022-01-17,0.006904515346543683,-0.0009069213410839438,0.0078114366876276264,5,XGBoost
2022-01-18,0.002295493495446443,-0.000682208628859371,0.002977702124305814,5,XGBoost
2022-01-19,0.009171507749230479,-0.0003336571098770946,0.009505164859107573,5,XGBoost
2022-01-20,0.0156487985341931,-0.0001194902797578834,0.015768288813950985,5,XGBoost
2022-01-21,0.01689947429122451,0.0006144936778582633,0.016284980613366248,5,XGBoost
2022-01-24,0.006442919513088619,0.0011956997914239764,0.005247219721664643,5,XGBoost
2022-01-25,0.004575239342168302,0.0012130490504205227,0.0033621902917477797,5,XGBoost
2022-01-26,-0.004679465721959097,0.0011984965531155467,-0.005877962275074644,5,XGBoost
2022-01-27,-0.01941606962847775,0.0007299683638848364,-0.020146037992362587,5,XGBoost
2022-01-28,-0.01846908691923765,-0.00010653256322257221,-0.018362554356015078,5,XGBoost
2022-01-31,-0.0118788517781061,-0.0006353165954351425,-0.011243535182670957,5,XGBoost
2022-02-01,-0.007811319205752731,-0.0009534509154036641,-0.006857868290349067,5,XGBoost
2022-02-02,-0.004701466111806774,-0.001010218751616776,-0.0036912473601899984,5,XGBoost
2022-02-03,0.001780757816203682,-0.00072133494541049,0.002502092761614172,5,XGBoost
2022-02-04,0.006159647809616864,-0.0007097913767211139,0.006869439186337978,5,XGBoost
2022-02-07,0.01011637140895516,-0.0006868452182970941,0.010803216627252255,5,XGBoost
2022-02-08,0.003652876785321446,-0.0004721522855106741,0.00412502907083212,5,XGBoost
2022-02-09,0.002196768496797397,-0.0003272715548519045,0.0025240400516493016,5,XGBoost
2022-02-10,0.002613014290532512,-0.00017478549852967262,0.0027877997890621846,5,XGBoost
2022-02-11,-0.0004164064186751304,-0.0005841532838530838,0.00016774686517795345,5,XGBoost
2022-02-14,-0.003013772091468248,-0.000662000966258347,-0.002351771125209901,5,XGBoost
2022-02-15,0.0004166232744360343,-0.0006055591511540115,0.0010221824255900458,5,XGBoost
2022-02-16,0.005107103705615401,-0.0003706949937622994,0.005477798699377701,5,XGBoost
2022-02-17,0.01389055194078459,-0.00045174776460044086,0.014342299705385031,5,XGBoost
2022-02-18,0.005917484176365839,-0.0002610734954942018,0.006178557671860041,5,XGBoost
2022-02-21,0.006535631957143906,-0.00027329305885359645,0.006808925015997502,5,XGBoost
2022-02-22,0.01426823213298256,2.985294304380659e-05,0.014238379189938753,5,XGBoost
2022-02-23,0.0123981338085839,0.0001024789089569822,0.012295654899626918,5,XGBoost
2022-02-24,0.006669085406584507,0.0017830879660323262,0.004885997440552181,5,XGBoost
2022-02-25,0.02089597693920542,0.00028236821526661515,0.020613608723938803,5,XGBoost
2022-02-28,0.0263280513166313,0.0005758306360803545,0.025752220680550945,5,XGBoost
2022-03-01,0.01679685237722772,0.0010168678127229214,0.015779984564504797,5,XGBoost
2022-03-02,0.005937773383442924,0.0011201464803889394,0.004817626903053984,5,XGBoost
2022-03-03,0.00733574354340405,0.0009815924568101764,0.006354151086593873,5,XGBoost
2022-03-04,0.004753004852262599,0.0011701843468472362,0.003582820505415363,5,XGBoost
2022-03-07,-0.00292501091091335,0.001958642154932022,-0.0048836530658453725,5,XGBoost
2022-03-08,0.0004037141758503893,0.004078180529177189,-0.0036744663533267996,5,XGBoost
2022-03-09,0.006612771439429288,0.004622986074537039,0.0019897853648922492,5,XGBoost
2022-03-10,-0.005496756511036871,0.00345125631429255,-0.008948012825329421,5,XGBoost
2022-03-11,-0.009019569634108215,0.003461189568042755,-0.01248075920215097,5,XGBoost
2022-03-14,-0.005063301956546695,0.002656415803357959,-0.007719717759904654,5,XGBoost
2022-03-15,-0.006174421154331533,0.0013349922373890877,-0.007509413391720621,5,XGBoost
2022-03-16,0.0,-0.0015560000902041793,0.0015560000902041793,5,XGBoost
2022-03-17,0.00833507569983194,-0.0007947013946250081,0.009129777094456948,5,XGBoost
2022-03-18,0.005684717369604186,0.0011112138163298368,0.0045735035532743495,5,XGBoost
2022-03-21,0.005971979892764878,0.000727190519683063,0.005244789373081815,5,XGBoost
2022-03-22,-0.0009142161234034774,0.0008017332293093204,-0.0017159493527127978,5,XGBoost
2022-03-23,-0.008451758471796467,0.0007189656607806683,-0.009170724132577135,5,XGBoost
2022-03-24,-0.004870633677549918,0.0006347966846078634,-0.005505430362157782,5,XGBoost
2022-03-25,-0.001620910090480265,0.0006490560481324792,-0.002269966138612744,5,XGBoost
2022-03-28,-0.0009086779362181829,0.0006045727641321719,-0.0015132507003503548,5,XGBoost
2022-03-29,0.0108152871061149,0.0007761850138194859,0.010039102092295414,5,XGBoost
2022-03-30,0.01833984226636876,0.0009256782941520214,0.017414163972216738,5,XGBoost
2022-03-31,0.01454130439114021,0.0008865026757121086,0.013654801715428102,5,XGBoost
2022-04-01,0.01179270835151591,0.001361678820103407,0.010431029531412504,5,XGBoost
2022-04-04,0.009350090739108197,0.0012582286726683378,0.008091862066439859,5,XGBoost
2022-04-05,0.008209897935794963,0.0016081418143585324,0.006601756121436431,5,XGBoost
2022-04-06,0.00280730082102032,0.0015242338413372636,0.0012830669796830563,5,XGBoost
2022-04-07,0.005698021114637797,0.0014958427054807544,0.0042021784091570424,5,XGBoost
2022-04-08,0.00519689356719244,0.001558351912535727,0.003638541654656713,5,XGBoost
2022-04-11,0.008469982378754182,0.001250116154551506,0.007219866224202676,5,XGBoost
2022-04-12,0.006658409692785305,0.0013164101401343942,0.005341999552650911,5,XGBoost
2022-04-13,0.005093135291862616,0.0015394537476822734,0.0035536815441803427,5,XGBoost
2022-04-14,0.00258835385920797,0.001346272649243474,0.0012420812099644958,5,XGBoost
2022-04-15,0.00893128890132111,0.0013165958225727081,0.007614693078748402,5,XGBoost
2022-04-18,0.009578901070252499,0.0015138371381908655,0.008065063932061634,5,XGBoost
2022-04-19,0.01318527416467852,0.0017394187161698937,0.011445855448508626,5,XGBoost
2022-04-20,0.02518083277036354,0.0018220379715785384,0.023358794798785002,5,XGBoost
2022-04-21,0.02977693064282327,0.0021476021502166986,0.02762932849260657,5,XGBoost
2022-04-22,0.01704419750193953,0.0023111787158995867,0.014733018786039942,5,XGBoost
2022-04-25,0.01936894460054983,0.0027438653632998466,0.016625079237249984,5,XGBoost
2022-04-26,0.01127539161778834,0.004075125325471163,0.007200266292317178,5,XGBoost
2022-04-27,-0.003502971374177655,0.00326632522046566,-0.006769296594643315,5,XGBoost
2022-04-28,0.001253797724166006,0.0019234499195590615,-0.0006696521953930554,5,XGBoost
2022-04-29,0.00677574947368953,0.004220711532980204,0.002555037940709326,5,XGBoost
2022-05-02,-0.00086793004146557,0.0045247189700603485,-0.0053926490115259185,5,XGBoost
2022-05-03,0.00443630778697468,0.005234318319708109,-0.0007980105327334286,5,XGBoost
2022-05-04,0.0122070882225005,0.0053114695474505424,0.006895618675049958,5,XGBoost
2022-05-05,0.0105465982371209,0.00625078659504652,0.00429581164207438,5,XGBoost
2022-05-06,0.00864475655440522,0.005790984723716974,0.0028537718306882454,5,XGBoost
2022-05-09,0.005196316542303236,0.006585609167814255,-0.0013892926255110192,5,XGBoost
2022-05-10,-0.005403332328052457,0.006054491735994816,-0.011457824064047273,5,XGBoost
2022-05-11,-0.0003852451169672477,0.005391627550125122,-0.00577687266709237,5,XGBoost
2022-05-12,-0.0205239174062779,0.0040628183633089066,-0.024586735769586806,5,XGBoost
2022-05-13,-0.01357682979870489,0.0045405603013932705,-0.018117390100098163,5,XGBoost
2022-05-16,-0.02045933582761261,0.00431324215605855,-0.02477257798367116,5,XGBoost
2022-05-17,-0.01461871857783326,0.0035181203857064247,-0.018136838963539684,5,XGBoost
2022-05-18,-0.01700142956932904,0.0024336487986147404,-0.01943507836794378,5,XGBoost
2022-05-19,-0.00870208375807735,0.00229233899153769,-0.01099442274961504,5,XGBoost
2022-05-20,-0.0144519652301911,0.0024342394899576902,-0.01688620472014879,5,XGBoost
2022-05-23,-0.004024545309409433,0.0022719725966453552,-0.006296517906054788,5,XGBoost
2022-05-24,-0.001080497133753688,0.002508605131879449,-0.003589102265633137,5,XGBoost
2022-05-25,0.004301922942637759,0.0023841194342821836,0.0019178035083555756,5,XGBoost
2022-05-26,-9.820770938340218e-05,0.0021240399219095707,-0.002222247631292973,5,XGBoost
2022-05-27,0.004612146932427841,0.0023504814598709345,0.0022616654725569063,5,XGBoost
2022-05-30,0.007544987044254547,0.0023035514168441296,0.005241435627410417,5,XGBoost
2022-05-31,0.005586332947882688,0.0024529779329895973,0.003133355014893091,5,XGBoost
2022-06-01,0.0003901677770912215,0.0025264497380703688,-0.0021362819609791472,5,XGBoost
2022-06-02,0.01365608424639131,0.002383878454566002,0.011272205791825309,5,XGBoost
2022-06-03,0.01948774648748319,0.002795907435938716,0.016691839051544474,5,XGBoost
2022-06-06,0.02544470348601457,0.003053251188248396,0.022391452297766175,5,XGBoost
2022-06-07,0.03079535113847154,0.004140346776694059,0.02665500436177748,5,XGBoost
2022-06-08,0.0252300335061264,0.005391587503254414,0.019838446002871987,5,XGBoost
2022-06-09,0.003964230475544284,0.005470852833241224,-0.0015066223576969406,5,XGBoost
2022-06-10,0.005266950169509954,0.0049636452458798885,0.00030330492363006556,5,XGBoost
2022-06-13,-0.003622846940848135,0.006173325702548027,-0.009796172643396162,5,XGBoost
2022-06-14,-0.01038351791760128,0.005044643767178059,-0.015428161684779338,5,XGBoost
2022-06-15,-0.009170870542414278,0.004801121540367603,-0.013971992082781881,5,XGBoost
2022-06-16,0.007690127295331806,0.0042228177189826965,0.003467309576349109,5,XGBoost
2022-06-17,-0.004978945559445336,0.004567948170006275,-0.009546893729451611,5,XGBoost
2022-06-20,-0.007285308296195225,0.003930369392037392,-0.011215677688232617,5,XGBoost
2022-06-21,0.0007657701149543783,0.00384309864602983,-0.0030773285310754517,5,XGBoost
2022-06-22,0.008695291515996573,0.003951080609112978,0.004744210906883595,5,XGBoost
2022-06-23,0.002391087170487971,0.003955884370952845,-0.0015647972004648736,5,XGBoost
2022-06-24,0.009172623074256592,0.0037148757837712765,0.005457747290485315,5,XGBoost
2022-06-27,0.01147898581100648,0.003940517548471689,0.00753846826253479,5,XGBoost
2022-06-28,0.01923774088244112,0.003924359567463398,0.015313381314977722,5,XGBoost
2022-06-29,0.01875555661843986,0.004064884968101978,0.014690671650337883,5,XGBoost
2022-06-30,0.02313497261252095,0.004518577829003334,0.018616394783517617,5,XGBoost
2022-07-01,0.01762949264760749,0.004812353756278753,0.012817138891328735,5,XGBoost
2022-07-04,0.02702359977344226,0.005017903167754412,0.02200569660568785,5,XGBoost
2022-07-05,0.01425866382622143,0.005706506315618753,0.008552157510602676,5,XGBoost
2022-07-06,0.007997810696100949,0.005717277526855469,0.00228053316924548,5,XGBoost
2022-07-07,0.01307571836079191,0.005622948054224253,0.007452770306567658,5,XGBoost
2022-07-08,0.009764340377009795,0.005854013841599226,0.003910326535410569,5,XGBoost
2022-07-11,-0.006035581718700556,0.005090019665658474,-0.01112560138435903,5,XGBoost
2022-07-12,-0.0129454660012609,0.004896161612123251,-0.01784162761338415,5,XGBoost
2022-07-13,-0.008184569497651673,0.006151487119495869,-0.014336056617147541,5,XGBoost
2022-07-14,-0.01513140960985027,0.0035394406877458096,-0.01867085029759608,5,XGBoost
2022-07-15,-0.01238434749004647,0.004067523870617151,-0.016451871360663624,5,XGBoost
2022-07-18,-0.008323639359187673,0.004012950696051121,-0.012336590055238794,5,XGBoost
2022-07-19,0.004769261389614421,0.003993511199951172,0.000775750189663249,5,XGBoost
2022-07-20,-0.005900827312663282,0.003906869795173407,-0.009807697107836688,5,XGBoost
2022-07-21,-0.005251817379162027,0.0037252181209623814,-0.008977035500124408,5,XGBoost
2022-07-22,-0.007807028318512543,0.0035226799082010984,-0.011329708226713642,5,XGBoost
2022-07-25,-0.009720267162072638,0.00327126681804657,-0.012991533980119208,5,XGBoost
2022-07-26,-0.008902274975304714,0.0033005489967763424,-0.012202823972081056,5,XGBoost
2022-07-27,0.0005634861155856541,0.0030593122355639935,-0.0024958261199783394,5,XGBoost
2022-07-28,-0.006225260624990625,0.0029898497741669416,-0.009215110399157567,5,XGBoost
2022-07-29,0.006775858787253952,0.0030313432216644287,0.0037445155655895235,5,XGBoost
2022-08-01,0.009250585128169675,0.002996574155986309,0.006254010972183366,5,XGBoost
2022-08-02,0.001222896535450602,0.0029537510126829147,-0.0017308544772323127,5,XGBoost
2022-08-03,-0.01237557715146487,0.002941095968708396,-0.015316673120173267,5,XGBoost
2022-08-04,-0.005693155143750239,0.0029885091353207827,-0.008681664279071022,5,XGBoost
2022-08-05,-0.00932868955954369,0.0027266526594758034,-0.012055342219019494,5,XGBoost
2022-08-08,0.001126866491672374,0.002479949500411749,-0.0013530830087393748,5,XGBoost
2022-08-09,0.001221402885906109,0.0024469473864883184,-0.0012255445005822094,5,XGBoost
2022-08-10,0.01293874592925537,0.0027763554826378822,0.010162390446617488,5,XGBoost
2022-08-11,0.02248765786978524,0.002817772328853607,0.019669885540931634,5,XGBoost
2022-08-12,0.02376164180712692,0.002915207762271166,0.020846434044855755,5,XGBoost
2022-08-15,0.02319213410301213,0.003442659741267562,0.019749474361744568,5,XGBoost
2022-08-16,0.01971056745721889,0.00422652717679739,0.0154840402804215,5,XGBoost
2022-08-17,0.01960573832528212,0.004959015175700188,0.014646723149581934,5,XGBoost
2022-08-18,0.009168853304835523,0.005068723578006029,0.004100129726829493,5,XGBoost
2022-08-19,0.005807270779644824,0.004996899515390396,0.0008103712642544281,5,XGBoost
2022-08-22,-0.002019460939667539,0.0048082806169986725,-0.006827741556666211,5,XGBoost
2022-08-23,0.001380008499060281,0.0042676725424826145,-0.0028876640434223333,5,XGBoost
2022-08-24,0.0001840095690166521,0.004089868161827326,-0.0039058585928106737,5,XGBoost
2022-08-25,0.01118456837111648,0.0038086476270109415,0.007375920744105539,5,XGBoost
2022-08-26,0.006687149913812362,0.004215807653963566,0.0024713422598487958,5,XGBoost
2022-08-29,0.009146684092284474,0.004080445040017366,0.0050662390522671075,5,XGBoost
2022-08-30,0.01315207559769149,0.003977302927523851,0.009174772670167638,5,XGBoost
2022-08-31,0.01043296733255161,0.003998344298452139,0.006434623034099472,5,XGBoost
2022-09-01,0.0001823154061568744,0.0039883567951619625,-0.003806041389005088,5,XGBoost
2022-09-02,-0.004850602106511559,0.003955617547035217,-0.008806219653546776,5,XGBoost
2022-09-05,-0.01375159184277841,0.0037292949855327606,-0.01748088682831117,5,XGBoost
2022-09-06,-0.003544974852724536,0.003528023837134242,-0.007072998689858778,5,XGBoost
2022-09-07,-0.001640091483812611,0.0030864551663398743,-0.0047265466501524855,5,XGBoost
2022-09-08,0.0002734108014301739,0.003145376220345497,-0.002871965418915323,5,XGBoost
2022-09-09,0.006948281748432095,0.0031587162520736456,0.003789565496358449,5,XGBoost
2022-09-12,0.01293180767335311,0.003132892306894064,0.009798915366459045,5,XGBoost
2022-09-13,0.003544974852724536,0.0036923582665622234,-0.00014738341383768727,5,XGBoost
2022-09-14,0.008897017380600225,0.0032671766821295023,0.005629840698470723,5,XGBoost
2022-09-15,0.01456446207254736,0.0034186136908829212,0.01114584838166444,5,XGBoost
2022-09-16,0.0307716586667528,0.0033795346971601248,0.027392123969592674,5,XGBoost
2022-09-19,0.03896132523720031,0.003788013942539692,0.03517331129466062,5,XGBoost
2022-09-20,0.0347752587431378,0.004260943736881018,0.03051431500625678,5,XGBoost
2022-09-21,0.0175600283490871,0.004473443608731031,0.01308658474035607,5,XGBoost
2022-09-22,0.008050132918986819,0.006106387823820114,0.0019437450951667046,5,XGBoost
2022-09-23,-0.009498096347741125,0.004489153157919645,-0.01398724950566077,5,XGBoost
2022-09-26,-0.02081102337435148,0.0045629581436514854,-0.025373981518002964,5,XGBoost
2022-09-27,-0.03604636841128794,0.003449094947427511,-0.039495463358715455,5,XGBoost
2022-09-28,-0.01368108252656164,0.004621407482773066,-0.018302490009334704,5,XGBoost
2022-09-29,8.90828916899622e-05,0.004327564034610987,-0.0042384811429210245,5,XGBoost
2022-09-30,0.005957956355238103,0.0040386756882071495,0.0019192806670309537,5,XGBoost
2022-10-03,0.01236175642133119,0.0037172758020460606,0.00864448061928513,5,XGBoost
2022-10-04,0.02821630157321309,0.004695710260421038,0.023520591312792053,5,XGBoost
2022-10-05,0.02005504178328721,0.004557762295007706,0.015497279488279503,5,XGBoost
2022-10-06,0.0008903927219892083,0.004786890931427479,-0.0038964982094382705,5,XGBoost
2022-10-07,0.004599742740650115,0.00424970081076026,0.00035004192988985494,5,XGBoost
2022-10-10,-0.009770039523101737,0.004521016031503677,-0.014291055554605414,5,XGBoost
2022-10-11,-0.009673916135723992,0.0038322536274790764,-0.013506169763203069,5,XGBoost
2022-10-12,-0.003004863065199537,0.0034236572682857513,-0.006428520333485288,5,XGBoost
2022-10-13,0.004617305308515895,0.0038399696350097656,0.000777335673506129,5,XGBoost
2022-10-14,-0.01153927236882701,0.0040092505514621735,-0.015548522920289184,5,XGBoost
2022-10-17,-0.0004463687973057517,0.0038271727971732616,-0.004273541594479013,5,XGBoost
2022-10-18,-0.01057926309418633,0.003953204490244389,-0.01453246758443072,5,XGBoost
2022-10-19,-0.02946144461593114,0.0031805105973035097,-0.03264195521323465,5,XGBoost
2022-10-20,-0.02049563845729008,0.0024982434697449207,-0.022993881927035,5,XGBoost
2022-10-21,-0.01131274409840355,0.003202715190127492,-0.014515459288531042,5,XGBoost
2022-10-24,-0.004115968588156882,0.0025326821487396955,-0.0066486507368965775,5,XGBoost
2022-10-25,0.004765553235143827,0.003907362464815378,0.0008581907703284486,5,XGBoost
2022-10-26,0.01492902642219196,0.0036262613721191883,0.011302765050072772,5,XGBoost
2022-10-27,0.02093848864831038,0.004129053559154272,0.016809435089156107,5,XGBoost
2022-10-28,0.001173126516348155,0.004179676994681358,-0.003006550478333203,5,XGBoost
2022-10-31,-0.01272293273203839,0.0038039288483560085,-0.016526861580394396,5,XGBoost
2022-11-01,-0.01664293117916227,0.0032745704520493746,-0.019917501631211646,5,XGBoost
2022-11-02,-0.007210486399921834,0.003054986009374261,-0.010265472409296095,5,XGBoost
2022-11-03,-0.04269437415202226,0.002840908709913492,-0.045535282861935755,5,XGBoost
2022-11-04,-0.04227732789610261,0.001303554861806333,-0.043580882757908945,5,XGBoost
2022-11-07,-0.03192447510195073,-0.0018273512832820415,-0.030097123818668692,5,XGBoost
2022-11-08,-0.0299966945270409,-0.0020867392886430025,-0.0279099552383979,5,XGBoost
2022-11-09,-0.03939078641184235,-0.006686010863631964,-0.032704775548210385,5,XGBoost
2022-11-10,-0.0141463503801873,-0.010066026821732521,-0.004080323558454779,5,XGBoost
2022-11-11,0.006003207223074902,-0.008620388805866241,0.014623596028941144,5,XGBoost
2022-11-14,0.01090970772152478,-0.006226884666830301,0.017136592388355083,5,XGBoost
2022-11-15,0.007677221491847241,-0.005518265534192324,0.013195487026039565,5,XGBoost
2022-11-16,-0.0018835944540605,-0.003117451211437583,0.001233856757377083,5,XGBoost
2022-11-17,-0.008187895727384209,-0.00043395694228820503,-0.007753938785096004,5,XGBoost
2022-11-18,-0.009112750364696609,-0.0022826006170362234,-0.006830149747660386,5,XGBoost
2022-11-21,-0.01072221358016723,-0.00342328823171556,-0.00729892534845167,5,XGBoost
2022-11-22,-0.003737623487767294,-0.003926269710063934,0.0001886462222966405,5,XGBoost
2022-11-23,-0.001226241723244037,-0.000828769349027425,-0.00039747237421661197,5,XGBoost
2022-11-24,-0.01035392769093058,-0.00040182945667766035,-0.00995209823425292,5,XGBoost
2022-11-25,-0.01349189111909244,-0.0017810483695939183,-0.011710842749498521,5,XGBoost
2022-11-28,-0.01311525144514558,-0.0038235012907534838,-0.009291750154392096,5,XGBoost
2022-11-29,-0.01167621551615383,-0.0047140177339315414,-0.0069621977822222885,5,XGBoost
2022-11-30,-0.0080550068314027,-0.004617237485945225,-0.0034377693454574754,5,XGBoost
2022-12-01,0.0003818615798190095,0.0018517373828217387,-0.0014698758030027292,5,XGBoost
2022-12-02,0.00257941389731009,0.0013620617100968957,0.0012173521872131943,5,XGBoost
2022-12-05,-0.001520768280928841,0.0018150154501199722,-0.003335783731048813,5,XGBoost
2022-12-06,-0.01527038643990064,0.001628662459552288,-0.01689904889945293,5,XGBoost
2022-12-07,-0.01273536626571836,0.00036908069159835577,-0.013104446957316716,5,XGBoost
2022-12-08,-0.002006402048907674,-0.001538934768177569,-0.000467467280730105,5,XGBoost
2022-12-09,-0.001050069305595258,-0.0009498402359895408,-0.0001002290696057171,5,XGBoost
2022-12-12,-0.003907557986094545,-0.0005673633422702551,-0.00334019464382429,5,XGBoost
2022-12-13,-0.0001923631822799976,-0.0002206170465797186,2.8253864299720988e-05,5,XGBoost
2022-12-14,0.003751266843072365,-0.00011234940029680729,0.0038636162433691723,5,XGBoost
2022-12-15,-0.001244078824508499,0.0006167328101582825,-0.0018608116346667816,5,XGBoost
2022-12-16,-0.003731883188611285,7.266522152349353e-05,-0.0038045484101347786,5,XGBoost
2022-12-19,-0.005169949284598907,-0.0006197000038810074,-0.0045502492807179,5,XGBoost
2022-12-20,0.004798013234863063,-0.0003386202151887119,0.005136633450051775,5,XGBoost
2022-12-21,-0.003076925504479355,0.00010291000944562256,-0.0031798355139249774,5,XGBoost
2022-12-22,-0.008752159738866894,-0.0003807917528320104,-0.008371367986034883,5,XGBoost
2022-12-23,0.002011205964532081,-0.0006791953928768635,0.0026904013574089443,5,XGBoost
2022-12-27,0.0006716883618649305,-0.00018421493587084115,0.0008559032977357717,5,XGBoost
2022-12-28,0.005537006986387816,3.184753040841315e-06,0.005533822233346974,5,XGBoost
2022-12-29,0.0003851338387672598,0.00022110423014964908,0.00016402960861761073,5,XGBoost
2022-12-30,-0.005035842522954859,0.0007121349917724729,-0.0057479775147273315,5,XGBoost
2023-01-03,-0.01232206580199868,-0.0007870919653214514,-0.011534973836677228,5,XGBoost
2023-01-04,-0.01021991155128799,-0.005321436561644077,-0.004898474989643912,5,XGBoost
2023-01-05,-0.026920435071629,-0.005629444494843483,-0.021290990576785518,5,XGBoost
2023-01-06,-0.01630470902494352,-0.007343787234276533,-0.008960921790666987,5,XGBoost
2023-01-09,-0.007112613411714541,-0.007791478186845779,0.0006788647751312382,5,XGBoost
2023-01-10,-0.008267323263687842,-0.006832169834524393,-0.0014351534291634493,5,XGBoost
2023-01-11,-0.008075937836034441,-0.006172644905745983,-0.0019032929302884583,5,XGBoost
2023-01-12,-0.001859919287086065,-0.005294418893754482,0.0034344996066684175,5,XGBoost
2023-01-13,-0.001860830075176345,-0.004483425058424473,0.0026225949832481277,5,XGBoost
2023-01-16,-0.001271953598423359,-0.004685350693762302,0.0034133970953389436,5,XGBoost
2023-01-17,-0.004600859762872389,-0.004175103269517422,-0.00042575649335496735,5,XGBoost
2023-01-18,-0.007058852839625374,-0.0041041020303964615,-0.002954750809228912,5,XGBoost
2023-01-19,-0.002157921386674033,-0.004216373432427645,0.0020584520457536115,5,XGBoost
2023-01-20,-0.0007845445141061447,-0.004107768647372723,0.003323224133266578,5,XGBoost
2023-01-23,0.001369729203488212,-0.004616680089384317,0.00598640929287253,5,XGBoost
2023-01-24,0.001764533346766406,-0.0036508566699922085,0.005415390016758614,5,XGBoost
2023-01-25,-0.004140792666031068,-0.0031369179487228394,-0.0010038747173082285,5,XGBoost
2023-01-26,-0.0008841299264465974,-0.003369368612766266,0.0024852386863196685,5,XGBoost
2023-01-27,0.009665684233222116,-0.0036235421430319548,0.01328922637625407,5,XGBoost
2023-01-30,0.01301621096365579,-0.0035065943375229836,0.016522805301178774,5,XGBoost
2023-01-31,0.01294233021909275,-0.0019940878264606,0.01493641804555335,5,XGBoost
2023-02-01,0.02140530341095204,-0.001235950505360961,0.022641253916313,5,XGBoost
2023-02-02,0.01434380839787686,-0.0009217139449901879,0.015265522342867047,5,XGBoost
2023-02-03,0.006874875782582279,-4.9360904085915536e-05,0.006924236686668195,5,XGBoost
2023-02-06,-0.002609075258864557,-5.6850360124371946e-05,-0.002552224898740185,5,XGBoost
2023-02-07,-0.001935546912213759,2.3873676582297776e-06,-0.0019379342798719887,5,XGBoost
2023-02-08,0.004919703165460199,-7.589274900965393e-05,0.0049955959144698525,5,XGBoost
2023-02-09,0.006181205695590997,-5.8694666222436354e-05,0.006239900361813433,5,XGBoost
2023-02-10,0.002216975220046713,0.0002271510602440685,0.0019898241598026445,5,XGBoost
2023-02-13,0.00492255228839511,0.0004555758787319064,0.004466976409663204,5,XGBoost
2023-02-14,0.00916066383954739,0.0005579334683716297,0.00860273037117576,5,XGBoost
2023-02-15,0.006330956397640364,0.0007703584851697087,0.005560597912470655,5,XGBoost
2023-02-16,0.007099713214650194,0.0009359541581943631,0.006163759056455831,5,XGBoost
2023-02-17,0.01291451440402369,0.0011074355570599437,0.011807078846963746,5,XGBoost
2023-02-20,0.007768705450620139,0.0014283335767686367,0.0063403718738515025,5,XGBoost
2023-02-21,0.006601315529268348,0.0016812612302601337,0.004920054299008214,5,XGBoost
2023-02-22,-0.0009566632318636081,0.0017080005491152406,-0.0026646637809788487,5,XGBoost
2023-02-23,0.004102472003861379,0.0016016082372516394,0.00250086376660974,5,XGBoost
2023-02-24,-0.006579912167784308,0.0016100191278383136,-0.008189931295622621,5,XGBoost
2023-02-27,-0.003061910343583385,0.001608090242370963,-0.004670000585954348,5,XGBoost
2023-02-28,0.00703157591206871,0.0014793447917327285,0.005552231120335981,5,XGBoost
2023-03-01,0.01123072620804866,0.0008309693075716496,0.01039975690047701,5,XGBoost
2023-03-02,0.002662357757821532,0.0014119066763669252,0.0012504510814546066,5,XGBoost
2023-03-03,0.0005738881075725288,0.0017355799209326506,-0.0011616918133601217,5,XGBoost
2023-03-06,-0.007213303697827023,0.0018175517907366157,-0.009030855488563638,5,XGBoost
2023-03-07,-0.01921573393300058,0.0019324884051457047,-0.021148222338146283,5,XGBoost
2023-03-08,-0.009604942844160469,0.0013551348820328712,-0.01096007772619334,5,XGBoost
2023-03-09,-0.008487153410099424,0.0010003529023379087,-0.009487506312437333,5,XGBoost
2023-03-10,-0.008353786158341592,0.0009332351619377732,-0.009287021320279365,5,XGBoost
2023-03-13,-0.003093583286995383,0.0008466282160952687,-0.0039402115030906515,5,XGBoost
2023-03-14,-0.003287250373879225,0.0008344719535671175,-0.004121722327446342,5,XGBoost
2023-03-15,-0.02222313678471011,0.001683886512182653,-0.023907023296892763,5,XGBoost
2023-03-16,-0.0182657893004059,-0.00023690825037192553,-0.018028881050033974,5,XGBoost
2023-03-17,-0.005705183970710515,-0.0006536245928145945,-0.005051559377895921,5,XGBoost
2023-03-20,-0.004074906191616989,-0.0005099524860270321,-0.003564953705589957,5,XGBoost
2023-03-21,-0.00807044100305987,-0.00034260243410244584,-0.007727838568957424,5,XGBoost
2023-03-22,0.002829408200081929,-0.0006488962681032717,0.003478304468185201,5,XGBoost
2023-03-23,-0.003811017462502342,-0.00042452302295714617,-0.0033864944395451957,5,XGBoost
2023-03-24,-0.00593300383562223,-0.0003653750172816217,-0.005567628818340609,5,XGBoost
2023-03-27,-0.007514063165845464,-0.00036014002398587763,-0.007153923141859586,5,XGBoost
2023-03-28,-0.008234533344989359,-3.698387445183471e-05,-0.008197549470537524,5,XGBoost
2023-03-29,-0.007726577634565857,-8.820886432658881e-05,-0.007638368770239269,5,XGBoost
2023-03-30,-0.003137872745307746,-0.00011019098747055978,-0.003027681757837186,5,XGBoost
2023-03-31,-0.00410557761438568,-0.00013785365445073694,-0.003967723959934943,5,XGBoost
2023-04-03,0.004788204780197702,-7.423741044476628e-05,0.004862442190642469,5,XGBoost
2023-04-04,0.005986572666150103,0.00045113899977877736,0.0055354336663713255,5,XGBoost
2023-04-05,-0.003442344190973223,-6.773712811991572e-05,-0.003374607062853307,5,XGBoost
2023-04-06,-0.007987026633097472,-3.7027421058155596e-06,-0.007983323890991656,5,XGBoost
2023-04-07,-0.005303489154530716,-0.00015906522457953542,-0.005144423929951181,5,XGBoost
2023-04-10,-0.004690256790502723,-0.0004015558515675366,-0.004288700938935186,5,XGBoost
2023-04-11,-0.004412853446899234,-0.00016385159688070416,-0.00424900185001853,5,XGBoost
2023-04-12,0.00461985389429298,-0.0005588027997873724,0.0051786566940803525,5,XGBoost
2023-04-13,0.008183432408058522,-0.0005446771392598748,0.008728109547318397,5,XGBoost
2023-04-14,0.002655260447796515,4.2054539335367735e-06,0.0026510549938629784,5,XGBoost
2023-04-17,-0.007372852272609975,-4.203454955131747e-05,-0.007330817723058657,5,XGBoost
2023-04-18,0.001080497133753688,-7.167297007981688e-05,0.0011521701038335048,5,XGBoost
2023-04-19,-0.004915464085143206,-7.237229874590412e-05,-0.004843091786397302,5,XGBoost
2023-04-20,-0.003344155767309509,-0.00015120692842174321,-0.003192948838887766,5,XGBoost
2023-04-21,-0.001572636455433596,-0.00021991480025462806,-0.001352721655178968,5,XGBoost
2023-04-24,0.007862448365621333,1.592410626471974e-05,0.007846524259356613,5,XGBoost
2023-04-25,0.000981258051456102,-2.0132911231485195e-05,0.0010013909626875872,5,XGBoost
2023-04-26,-0.001281988243228227,3.354848740855232e-05,-0.0013155367306367793,5,XGBoost
2023-04-27,-0.0009857073247587778,-9.068682629731484e-06,-0.0009766386421290463,5,XGBoost
2023-04-28,-0.00443634581794683,-7.82432034611702e-05,-0.004358102614485659,5,XGBoost
2023-05-01,-0.007566488219427292,-0.00014084932627156377,-0.007425638893155728,5,XGBoost
2023-05-02,-0.003438624010124514,-0.0002518595429137349,-0.003186764467210779,5,XGBoost
2023-05-03,0.001380534683318224,-0.00027197261806577444,0.0016525073013839984,5,XGBoost
2023-05-04,0.00648778447874232,-0.00024094400578178465,0.006728728484524105,5,XGBoost
2023-05-05,0.01441978980212966,-0.0002838775108102709,0.014703667312939931,5,XGBoost
2023-05-08,0.0103038054042397,1.8651699065230787e-05,0.01028515370517447,5,XGBoost
2023-05-09,0.009306037674569723,0.00014542278950102627,0.009160614885068696,5,XGBoost
2023-05-10,0.01370152575822736,0.00019325716129969805,0.013508268596927662,5,XGBoost
2023-05-11,0.01478338535992041,5.0344715418759733e-05,0.014733040644501651,5,XGBoost
2023-05-12,0.00505149704452279,0.00028803845634683967,0.004763458588175951,5,XGBoost
2023-05-15,0.007489214599019078,0.000404468213673681,0.007084746385345397,5,XGBoost
2023-05-16,0.009026996507722096,0.0005641162861138582,0.008462880221608238,5,XGBoost
2023-05-17,0.009769386593131202,0.0006819986156187952,0.009087387977512407,5,XGBoost
2023-05-18,0.006447599683164995,0.0007546339766122401,0.005692965706552755,5,XGBoost
2023-05-19,0.00973924095687373,0.0009036643896251917,0.008835576567248538,5,XGBoost
2023-05-22,0.01021892629249788,0.0008783407392911613,0.009340585553206718,5,XGBoost
2023-05-23,0.006549190316275322,0.001074916566722095,0.005474273749553227,5,XGBoost
2023-05-24,0.004226305397438068,0.0010584323899820447,0.0031678730074560235,5,XGBoost
2023-05-25,-0.006640705795573965,0.0011426166165620089,-0.007783322412135974,5,XGBoost
2023-05-26,-0.001921045639294405,0.0009707323042675853,-0.0028917779435619906,5,XGBoost
2023-05-29,-0.002496880198587625,0.0010115752229467034,-0.0035084554215343284,5,XGBoost
2023-05-30,-0.0003840614545529419,0.000976943178102374,-0.001361004632655316,5,XGBoost
2023-05-31,-0.002206976858954768,0.0010648490861058235,-0.0032718259450605913,5,XGBoost
2023-06-01,-0.002126632024298303,0.0007018472533673048,-0.002828479277665608,5,XGBoost
2023-06-02,-0.004335893481704822,0.0005731087294407189,-0.004909002211145541,5,XGBoost
2023-06-05,-0.003371060259583558,0.0005463337292894721,-0.00391739398887303,5,XGBoost
2023-06-06,-0.007615595682765708,0.00046534414286725223,-0.00808093982563296,5,XGBoost
2023-06-07,-0.01110854214712464,0.0002814058098010719,-0.011389947956925712,5,XGBoost
2023-06-08,-0.01197385929159189,0.0003059260197915137,-0.012279785311383403,5,XGBoost
2023-06-09,-0.01282816425411237,0.00021491992811206728,-0.013043084182224437,5,XGBoost
2023-06-12,-0.01096193738591822,4.794716733158566e-05,-0.011009884553249806,5,XGBoost
2023-06-13,-0.007771556503484156,0.00013128697173669934,-0.007902843475220855,5,XGBoost
2023-06-14,-0.00858458105839155,9.029774810187519e-05,-0.008674878806493425,5,XGBoost
2023-06-15,0.002738388019278837,-8.637017890578136e-05,0.002824758198184618,5,XGBoost
2023-06-16,0.006434652210779213,-5.3129995649214834e-05,0.006487782206428427,5,XGBoost
2023-06-19,0.00165683971433328,0.0002569852222222835,0.0013998544921109966,5,XGBoost
2023-06-20,-0.0004877335120827553,-5.638769289362244e-05,-0.00043134581918913284,5,XGBoost
2023-06-21,0.00809879042459638,-2.291381315444596e-05,0.008121704237750826,5,XGBoost
2023-06-22,0.009235471272313056,2.9334272767300718e-05,0.009206136999545755,5,XGBoost
2023-06-23,9.717700799694029e-05,3.960351023124531e-05,5.757349776569498e-05,5,XGBoost
2023-06-26,0.002625822077667372,0.00010944658424705267,0.0025163754934203193,5,XGBoost
2023-06-27,0.005352029512572187,0.00019387742213439196,0.005158152090437795,5,XGBoost
2023-06-28,0.004557141740390236,0.00011194097896805033,0.0044452007614221856,5,XGBoost
2023-06-29,-0.002616153810337529,0.00017006513371597975,-0.0027862189440535086,5,XGBoost
2023-06-30,-0.006238445030079198,0.00018754389020614326,-0.0064259889202853415,5,XGBoost
2023-07-03,-0.009661910911736626,9.190162381855771e-05,-0.009753812535555184,5,XGBoost
2023-07-04,-0.01279501755038659,6.946374196559191e-05,-0.012864481292352181,5,XGBoost
2023-07-05,-0.02795807190500277,4.57944770460017e-05,-0.028003866382048773,5,XGBoost
2023-07-06,-0.03254083212328496,0.00019559127395041287,-0.03273642339723537,5,XGBoost
2023-07-07,-0.02334659407299444,-0.0002548461779952049,-0.023091747894999234,5,XGBoost
2023-07-10,-0.02110974775501706,-0.00032890806323848665,-0.020780839691778574,5,XGBoost
2023-07-11,-0.01775223888959854,-0.0008892522309906781,-0.016862986658607863,5,XGBoost
2023-07-12,-0.002390439385298038,-0.0015518515137955546,-0.0008385878715024835,5,XGBoost
2023-07-13,0.01106415473124844,-0.001201111008413136,0.012265265739661576,5,XGBoost
2023-07-14,0.01154356534164425,-0.00114531721919775,0.012688882560842,5,XGBoost
2023-07-17,0.01501096827689175,6.660288636339828e-05,0.014944365390528352,5,XGBoost
2023-07-18,0.01400986698195084,-9.381577910971828e-06,0.014019248559861811,5,XGBoost
2023-07-19,0.006064541130195167,0.00014215215924195945,0.005922388970953207,5,XGBoost
2023-07-20,0.008783673547175574,0.00031581372604705393,0.00846785982112852,5,XGBoost
2023-07-21,0.005427020079014966,0.0004691171634476632,0.004957902915567303,5,XGBoost
2023-07-24,0.005019448558448936,0.0005119773559272289,0.004507471202521707,5,XGBoost
2023-07-25,0.009329800059571625,0.00040362871368415654,0.008926171345887468,5,XGBoost
2023-07-26,0.01670964767933292,0.0004916072939522564,0.016218040385380664,5,XGBoost
2023-07-27,0.007537601151714313,0.000711228174623102,0.006826372977091211,5,XGBoost
2023-07-28,0.003928506329194725,0.0006006215699017048,0.0033278847592930205,5,XGBoost
2023-07-31,0.001863567799395227,0.0005848081200383604,0.0012787596793568667,5,XGBoost
2023-08-01,0.002245765724419257,-0.0006987711531110108,0.002944536877530268,5,XGBoost
2023-08-02,-0.0009752292561495679,-0.0006630662828683853,-0.0003121629732811826,5,XGBoost
2023-08-03,-0.0001950648596835691,-0.001853444497101009,0.0016583796374174398,5,XGBoost
2023-08-04,0.008005509902908159,-0.00014746235683560371,0.008152972259743763,5,XGBoost
2023-08-07,0.01110905987176913,-3.756563091883436e-05,0.011146625502687964,5,XGBoost
2023-08-08,0.006610308895841577,0.00013388371735345572,0.006476425178488121,5,XGBoost
2023-08-09,0.009129822546240618,5.791041621705517e-05,0.009071912130023563,5,XGBoost
2023-08-10,0.01018981110491701,0.00015301600797101855,0.010036795096945992,5,XGBoost
2023-08-11,0.005237137370204259,-0.0014546934980899096,0.0066918308682941685,5,XGBoost
2023-08-14,0.001065426997969965,-0.0006381460698321462,0.0017035730678021113,5,XGBoost
2023-08-15,0.003385407305494859,-0.0005195218836888671,0.003904929189183726,5,XGBoost
2023-08-16,-9.668842163712554e-05,-0.0004250830679666251,0.00032839464632949955,5,XGBoost
2023-08-17,0.00395086035478176,-0.00032781861955299973,0.00427867897433476,5,XGBoost
2023-08-18,0.006748314436356928,7.299317985598464e-07,0.006747584504558368,5,XGBoost
2023-08-21,0.007330279736565082,6.554993888130412e-05,0.007264729797683778,5,XGBoost
2023-08-22,-0.0002897291053152173,-6.851719081168994e-05,-0.00022121191450352734,5,XGBoost
2023-08-23,-0.002517185954930667,-3.448595816735178e-05,-0.0024826999967633152,5,XGBoost
2023-08-24,-0.003468211568927515,-0.00021945463959127665,-0.0032487569293362384,5,XGBoost
2023-08-25,0.001536098612339387,-0.00020635739201679826,0.0017424560043561852,5,XGBoost
2023-08-28,0.001728276954431784,-0.00021705108520109206,0.001945328039632876,5,XGBoost
2023-08-29,0.01228776140406485,-9.636062168283388e-05,0.012384122025747684,5,XGBoost
2023-08-30,0.01634494613124193,-4.436776725924574e-05,0.016389313898501175,5,XGBoost
2023-08-31,0.01380125413917366,6.649438728345558e-05,0.013734759751890204,5,XGBoost
2023-09-01,0.008121193060915743,0.00021299297804944217,0.007908200082866301,5,XGBoost
2023-09-04,0.003160770793908085,0.0003523484629113227,0.002808422330996762,5,XGBoost
2023-09-05,-0.0009545628827156705,0.000315690936986357,-0.0012702538197020274,5,XGBoost
2023-09-06,-0.000858655779512496,0.000537700077984482,-0.001396355857496978,5,XGBoost
2023-09-07,0.003231020581446309,0.0002868383890017867,0.002944182192444522,5,XGBoost
2023-09-08,0.002186208750603491,0.00030316488118842244,0.0018830438694150686,5,XGBoost
2023-09-11,0.006006596693111987,0.00013727261102758348,0.005869324082084404,5,XGBoost
2023-09-12,0.004288375562309987,0.0004860023327637464,0.003802373229546241,5,XGBoost
2023-09-13,0.003335083371426961,0.0005450801108963788,0.0027900032605305825,5,XGBoost
2023-09-14,-0.0003795786722360361,0.0005783394444733858,-0.000957918116709422,5,XGBoost
2023-09-15,0.002465624767361341,0.0003107959346380085,0.0021548288327233327,5,XGBoost
2023-09-18,0.007575793808457298,0.0004127434513065964,0.007163050357150701,5,XGBoost
2023-09-19,0.01012355493024142,0.0004500568029470742,0.009673498127294346,5,XGBoost
2023-09-20,0.01463740190109064,0.0003824734303634614,0.014254928470727178,5,XGBoost
2023-09-21,0.008129357559226946,0.0007573823677375913,0.007371975191489355,5,XGBoost
2023-09-22,0.006043455598782721,0.0004234497610013932,0.005620005837781328,5,XGBoost
2023-09-25,0.008454723918932316,0.0005367988487705588,0.007917925070161758,5,XGBoost
2023-09-26,0.007222279669983678,0.0004620719118975103,0.0067602077580861675,5,XGBoost
2023-09-27,0.001217969888703152,0.0005202464526519179,0.0006977234360512341,5,XGBoost
2023-09-28,0.001035050668741988,0.0005568679189309478,0.00047818274981104025,5,XGBoost
2023-09-29,-0.001696033573428402,0.0006648034905083477,-0.0023608370639367497,5,XGBoost
2023-10-02,-0.007700291593446984,0.00056546984706074,-0.008265761440507724,5,XGBoost
2023-10-03,-0.01108929698592043,0.00047601907863281667,-0.011565316064553247,5,XGBoost
2023-10-04,-0.009218389050109188,0.00031486075022257864,-0.009533249800331767,5,XGBoost
2023-10-05,0.002536046068748909,0.0002681202895473689,0.00226792577920154,5,XGBoost
2023-10-06,0.005736063496534882,0.00030196551233530045,0.005434097984199582,5,XGBoost
2023-10-09,0.001507159290571103,0.00033116829581558704,0.001175990994755516,5,XGBoost
2023-10-10,0.004055270328541027,0.0004310916701797396,0.003624178658361288,5,XGBoost
2023-10-11,0.007062508756879637,0.000491103739477694,0.006571405017401943,5,XGBoost
2023-10-12,-0.003288703927217362,0.00040385735337622464,-0.0036925612805935866,5,XGBoost
2023-10-13,-0.004605054893406901,0.0005559494020417333,-0.005161004295448635,5,XGBoost
2023-10-16,-0.006610657750601767,0.0003577052557375282,-0.006968363006339295,5,XGBoost
2023-10-17,0.0001882175800771435,0.0003637823974713683,-0.0001755648173942248,5,XGBoost
2023-10-18,-0.0003754106097586529,0.0004165876598563045,-0.0007919982696149575,5,XGBoost
2023-10-19,0.003288703927217362,0.0003749990719370544,0.0029137048552803075,5,XGBoost
2023-10-20,0.003760816768126674,0.0003451310331001878,0.003415685735026486,5,XGBoost
2023-10-23,0.005480501292017159,0.00040625547990202904,0.00507424581211513,5,XGBoost
2023-10-24,0.003663179787852577,0.0004342340398579836,0.0032289457479945933,5,XGBoost
2023-10-25,0.003280074165228797,0.0004388327361084521,0.0028412414291203447,5,XGBoost
2023-10-26,-0.004512982462204995,0.00047424944932572544,-0.004987231911530721,5,XGBoost
2023-10-27,-0.01455739858236615,0.0003940924652852118,-0.014951491047651361,5,XGBoost
2023-10-30,-0.008612176449342535,0.0002814437902998179,-0.008893620239642352,5,XGBoost
2023-10-31,-0.01055617719493451,0.00028353187371976674,-0.010839709068654276,5,XGBoost
2023-11-01,-0.01214303996991184,0.00013886558008380234,-0.012281905549995642,5,XGBoost
2023-11-02,-0.001980852413961287,5.674256681231782e-05,-0.002037594980773605,5,XGBoost
2023-11-03,0.007966658220128764,0.000783089897595346,0.007183568322533418,5,XGBoost
2023-11-06,0.003984069014874692,0.0006645192042924464,0.003319549810582246,5,XGBoost
2023-11-07,-0.01421847513787799,0.0007579271332360804,-0.01497640227111407,5,XGBoost
2023-11-08,-0.01142978439821629,0.0005250461981631815,-0.011954830596379471,5,XGBoost
2023-11-09,-0.01483904333236818,0.0003602577780839056,-0.015199301110452085,5,XGBoost
2023-11-10,-0.01849609406749764,0.0001397653977619484,-0.01863585946525959,5,XGBoost
2023-11-13,-0.0209506873714691,-0.0001308655773755163,-0.020819821794093585,5,XGBoost
2023-11-14,-0.00462384023885587,-0.00021300659864209592,-0.004410833640213774,5,XGBoost
2023-11-15,-0.004512513057862932,-0.0003397598338779062,-0.004172753223985025,5,XGBoost
2023-11-16,-0.005573721906022122,-0.0004469551786314696,-0.0051267667273906525,5,XGBoost
2023-11-17,-0.005016410288015472,-0.0003712172037921846,-0.004645193084223288,5,XGBoost
2023-11-20,-0.002322881416139566,-0.00036710608401335776,-0.0019557753321262084,5,XGBoost
2023-11-21,-0.007948859224443439,-0.0003862973244395107,-0.007562561900003928,5,XGBoost
2023-11-22,-0.01122520012066097,-0.0005527684697881341,-0.010672431650872836,5,XGBoost
2023-11-23,-0.002605298911763754,-0.0005639243754558265,-0.0020413745363079276,5,XGBoost
2023-11-24,-0.001258044391016178,-0.0006765095167793334,-0.0005815348742368447,5,XGBoost
2023-11-27,0.004929689554180605,0.0006361492560245097,0.0042935402981560955,5,XGBoost
2023-11-28,0.01257269946329931,0.0007863705977797508,0.01178632886551956,5,XGBoost
2023-11-29,0.01343599546529806,-0.0004284731112420559,0.013864468576540116,5,XGBoost
2023-11-30,0.0003863987683319081,-0.0004535788903012872,0.0008399776586331953,5,XGBoost
2023-12-01,0.00714013068172914,-0.0008211562526412308,0.00796128693437037,5,XGBoost
2023-12-04,0.00375343301928055,-0.0005809589638374746,0.004334391983118024,5,XGBoost
2023-12-05,-0.001827714423471072,-0.001089170458726585,-0.0007385439647444871,5,XGBoost
2023-12-06,-0.01236611256404263,-0.0007282872102223337,-0.011637825353820297,5,XGBoost
2023-12-07,-0.01537743196584085,-0.0006306496215984225,-0.014746782344242428,5,XGBoost
2023-12-08,-0.01413656384665174,-0.0018937932327389717,-0.012242770613912768,5,XGBoost
2023-12-11,-0.01490398244856372,-0.0020623633172363043,-0.012841619131327416,5,XGBoost
2023-12-12,-0.0164057458128406,-0.001145307905972004,-0.015260437906868596,5,XGBoost
2023-12-13,-0.004481691055592485,-0.0011369892163202167,-0.0033447018392722683,5,XGBoost
2023-12-14,-0.001177625258763193,-0.001015146030113101,-0.000162479228650092,5,XGBoost
2023-12-15,-0.008323181463875784,-0.001190525246784091,-0.007132656217091693,5,XGBoost
2023-12-18,-0.01068480488136814,-0.001390727935358882,-0.009294076946009259,5,XGBoost
2023-12-19,-0.01161659056486641,-0.001446156413294375,-0.010170434151572035,5,XGBoost
2023-12-20,-0.01158920847668554,-0.0016320330323651433,-0.009957175444320397,5,XGBoost
2023-12-21,-0.005020436788925053,-0.0017541529377922416,-0.003266283851132812,5,XGBoost
2023-12-22,0.004904374715089865,-0.0018944119801744819,0.006798786695264347,5,XGBoost
2023-12-26,0.01000204455247999,-0.0015259674983099103,0.0115280120507899,5,XGBoost
2023-12-27,0.01406050399593894,-0.0013755008112639189,0.015436004807202858,5,XGBoost
2023-12-28,0.01158920847668554,-0.0006330053438432515,0.012222213820528792,5,XGBoost
2023-12-29,0.008647002880758592,-0.000860916159581393,0.009507919040339985,5,XGBoost
2024-01-02,0.003613814549715322,-0.0003156604361720383,0.00392947498588736,5,XGBoost
2024-01-03,-0.001269221551883248,-0.00029291538521647453,-0.0009763061666667734,5,XGBoost
2024-01-04,-0.001270089565488242,-0.0003487595240585506,-0.0009213300414296914,5,XGBoost
2024-01-05,-9.765148193885409e-05,-0.00019631012401077896,9.865864207192487e-05,5,XGBoost
2024-01-08,0.00185719226442238,-0.00033149635419249535,0.0021886886186148753,5,XGBoost
2024-01-09,0.007672547714972389,-0.0002904205466620624,0.007962968261634451,5,XGBoost
2024-01-10,0.01059239289996405,-0.00015907851047813892,0.01075147141044219,5,XGBoost
2024-01-11,0.0121460950048391,-0.00012113994307583198,0.012267234947914932,5,XGBoost
2024-01-12,0.008653853413134627,-5.1017323130508885e-05,0.008704870736265136,5,XGBoost
2024-01-15,0.009041037620856507,1.5297418940463103e-05,0.009025740201916044,5,XGBoost
2024-01-16,0.002512321352350355,3.7387268093880266e-05,0.002474934084256475,5,XGBoost
2024-01-17,-0.002032029341139108,-0.00018480600556358695,-0.0018472233355755212,5,XGBoost
2024-01-18,0.0002897011270324157,-0.00041677814442664385,0.0007064792714590595,5,XGBoost
2024-01-19,0.001354489371170331,-0.00030446346499957144,0.0016589528361699024,5,XGBoost
2024-01-22,0.002706100037396908,-0.00012861372670158744,0.0028347137640984954,5,XGBoost
2024-01-23,-0.00212539931231337,-0.00014953110076021403,-0.001975868211553156,5,XGBoost
2024-01-24,0.0002905428328991988,-0.00027354538906365633,0.0005640882219628551,5,XGBoost
2024-01-25,-0.005033405264319946,-0.000254991085967049,-0.004778414178352897,5,XGBoost
2024-01-26,0.004726316972631928,-0.00033267971593886614,0.005058996688570794,5,XGBoost
2024-01-29,0.008074637738913815,-0.0002030026080319658,0.00827764034694578,5,XGBoost
2024-01-30,0.007803131930007368,-0.00014298826863523573,0.007946120198642603,5,XGBoost
2024-01-31,0.007620738178845343,0.00015537421859335154,0.007465363960251992,5,XGBoost
2024-02-01,0.01080987265988931,-0.0018193835858255625,0.012629256245714872,5,XGBoost
2024-02-02,0.001826660124317314,-0.0013921222416684031,0.0032187823659857173,5,XGBoost
2024-02-05,-0.002684308006217329,-0.0016923242947086692,-0.0009919837115086598,5,XGBoost
2024-02-06,0.007171231191442473,-0.0013709128834307194,0.008542144074873192,5,XGBoost
2024-02-07,0.006322465739486915,-0.0014691042015329003,0.007791569941019815,5,XGBoost
2024-02-08,0.001247182010369663,-0.0012578371679410338,0.0025050191783106968,5,XGBoost
2024-02-09,0.001823329520065364,-0.0012150134425610304,0.0030383429626263947,5,XGBoost
2024-02-12,0.001151300136764455,-0.0011073857313022017,0.0022586858680666566,5,XGBoost
2024-02-13,-0.008419490991528278,-0.0012284921249374747,-0.007190998866590803,5,XGBoost
2024-02-14,-0.006803073236603119,-0.001265632570721209,-0.00553744066588191,5,XGBoost
2024-02-15,-0.003265152233437263,-0.0013173215556889772,-0.0019478306777482857,5,XGBoost
2024-02-16,-0.003457552426430865,-0.0013892381684854627,-0.0020683142579454024,5,XGBoost
2024-02-19,-0.00442053381775942,-0.0014372736914083362,-0.002983260126351084,5,XGBoost
2024-02-20,-0.002404887888888041,-0.0014398271450772882,-0.0009650607438107528,5,XGBoost
2024-02-21,-0.0003846523751631636,-0.0014236452989280224,0.0010389929237648587,5,XGBoost
2024-02-22,0.001921968686970033,-0.0013971645385026932,0.003319133225472726,5,XGBoost
2024-02-23,-0.000769971164123362,-0.0013975737383589149,0.0006276025742355529,5,XGBoost
2024-02-26,0.0,-0.0012666888069361448,0.0012666888069361448,5,XGBoost
2024-02-27,-0.0002889755835742136,-0.0012394700897857547,0.0009504945062115411,5,XGBoost
2024-02-28,-0.005787611409484583,-0.0012648440897464752,-0.004522767319738108,5,XGBoost
2024-02-29,-0.01294829183290069,-0.0012479649158194661,-0.011700326917081224,5,XGBoost
2024-03-01,-0.01113435523845929,-0.0003601288772188127,-0.010774226361240478,5,XGBoost
2024-03-04,-0.009288891172423597,-0.0004531914892140776,-0.00883569968320952,5,XGBoost
2024-03-05,-0.008125407443916544,-0.0004665982851292938,-0.00765880915878725,5,XGBoost
2024-03-06,-0.005626712555563351,-0.000247407762799412,-0.005379304792763939,5,XGBoost
2024-03-07,0.005238153406932788,4.527859346126206e-05,0.005192874813471526,5,XGBoost
2024-03-08,0.006985572211998914,8.563166920794174e-05,0.006899940542790972,5,XGBoost
2024-03-11,0.006974744927072507,0.0001428243995178491,0.006831920527554658,5,XGBoost
2024-03-12,0.0085106896679088,-0.00046789890620857477,0.008978588574117374,5,XGBoost
2024-03-13,0.006013597172053409,-0.00032888949499465525,0.006342486667048064,5,XGBoost
2024-03-14,0.006172859107080875,-0.00035906757693737745,0.006531926684018252,5,XGBoost
2024-03-15,0.01000489345970479,-0.0003239804063923657,0.010328873866097156,5,XGBoost
2024-03-18,0.006255132746578518,-0.0002714486909098923,0.00652658143748841,5,XGBoost
2024-03-19,0.004324227177341378,-0.0002258372405776754,0.004550064417919053,5,XGBoost
2024-03-20,0.009048964326325404,-0.00019782570598181337,0.009246790032307217,5,XGBoost
2024-03-21,0.005274526733270335,-0.00011336121679050848,0.005387887950060843,5,XGBoost
2024-03-22,0.0007654770252258913,-9.983825293602422e-05,0.0008653152781619156,5,XGBoost
2024-03-25,0.007454875393123395,-0.00012546309153549373,0.007580338484658888,5,XGBoost
2024-03-26,0.005069113240898204,-8.393942698603496e-05,0.005153052667884239,5,XGBoost
2024-03-27,-0.0009587728442985721,-4.1717576095834374e-06,-0.0009546010866889887,5,XGBoost
2024-03-28,-0.004121345748278493,-0.00010962257510982454,-0.004011723173168669,5,XGBoost
2024-03-29,-0.002394063867916074,-0.00012729995069094002,-0.002266763917225134,5,XGBoost
2024-04-01,-0.0084146604749602,-0.0001483227388234809,-0.00826633773613672,5,XGBoost
2024-04-02,-0.00641242566703859,-0.00016644159040879458,-0.006245984076629796,5,XGBoost
2024-04-03,0.009546611883580525,-0.00023054867051541805,0.009777160554095943,5,XGBoost
2024-04-04,0.01107938745064274,-0.00015174153668340296,0.011231128987326143,5,XGBoost
2024-04-05,0.01654501941409769,-0.00012571268598549068,0.016670732100083182,5,XGBoost
2024-04-08,0.01968211859869573,-3.3221218473045155e-05,0.019715339817168775,5,XGBoost
2024-04-09,0.02005675331581624,5.344877718016505e-05,0.020003304538636076,5,XGBoost
2024-04-10,0.006628812151816987,0.00012811926717404276,0.006500692884642945,5,XGBoost
2024-04-11,0.008229720572257904,0.0001730087969917804,0.008056711775266123,5,XGBoost
2024-04-12,0.001036806728440531,0.00019997610070277005,0.0008368306277377609,5,XGBoost
2024-04-15,-0.001224739895896221,0.00027095494442619383,-0.0014956948403224148,5,XGBoost
2024-04-16,-0.005473260808727787,0.00023462674289476126,-0.005707887551622548,5,XGBoost
2024-04-17,-0.0008498182844665081,0.0002068564499495551,-0.0010566747344160632,5,XGBoost
2024-04-18,-0.005194816877104103,0.00022307626204565167,-0.005417893139149755,5,XGBoost
2024-04-19,-0.001980292032884634,0.00016188430890906602,-0.0021421763417937,5,XGBoost
2024-04-22,-0.004724567042082128,0.00028923506033606827,-0.005013802102418197,5,XGBoost
2024-04-23,0.005096754780183232,0.00013704340381082147,0.00495971137637241,5,XGBoost
2024-04-24,-0.00103964850345406,0.0001277776318602264,-0.0011674261353142863,5,XGBoost
2024-04-25,-0.002844952132231349,0.00012676214100793004,-0.002971714273239279,5,XGBoost
2024-04-26,-0.008626872481696246,0.00011733958672266454,-0.00874421206841891,5,XGBoost
2024-04-29,-0.005032532104460863,3.805616142926738e-05,-0.00507058826589013,5,XGBoost
2024-04-30,-0.007654906727155186,0.00013824687630403787,-0.007793153603459224,5,XGBoost
2024-05-01,-0.001893043632057889,6.262323950068094e-06,-0.001899305956007957,5,XGBoost
2024-05-02,-0.0006649883872089646,-1.545178565720562e-05,-0.000649536601551759,5,XGBoost
2024-05-03,0.002567395505245429,1.8268314306624234e-05,0.0025491271909388047,5,XGBoost
2024-05-06,0.001616969011651648,3.653773455880582e-05,0.0015804312770928421,5,XGBoost
2024-05-07,-0.00380192454919559,8.386007539229468e-05,-0.0038857846245878847,5,XGBoost
2024-05-08,-0.01143414077112048,9.565745858708397e-05,-0.011529798229707565,5,XGBoost
2024-05-09,-0.00734420774456801,2.175451663788408e-05,-0.007365962261205894,5,XGBoost
2024-05-10,-0.008200675309001149,4.69430597149767e-05,-0.008247618368716125,5,XGBoost
2024-05-13,-0.006196692692163275,1.1223337423871271e-05,-0.006207916029587146,5,XGBoost
2024-05-14,-0.003338582773840137,-1.1258636732236482e-05,-0.0033273241371079005,5,XGBoost
2024-05-15,0.005542827646610071,-4.0759474359219894e-05,0.005583587120969291,5,XGBoost
2024-05-16,0.006203197827110429,-2.7123267500428483e-05,0.006230321094610858,5,XGBoost
2024-05-17,0.002677377770716305,-1.5410436390084215e-05,0.002692788207106389,5,XGBoost
2024-05-20,0.0002868480203250812,-2.4162940462701954e-05,0.0003110109607877832,5,XGBoost
2024-05-21,-0.0004778515883927525,-0.00018370727775618434,-0.00029414431063656815,5,XGBoost
2024-05-22,0.001618816713086169,-2.811903686961159e-05,0.0016469357499557806,5,XGBoost
2024-05-23,-0.003717299233618299,-2.4342862161574885e-05,-0.003692956371456724,5,XGBoost
2024-05-24,-0.0004775777348520194,-2.100477649946697e-05,-0.0004565729583525524,5,XGBoost
2024-05-27,-0.004407403896069972,-2.362519080634229e-05,-0.00438377870526363,5,XGBoost
2024-05-28,-0.004791116869007794,-7.347983046201989e-05,-0.004717637038545774,5,XGBoost
2024-05-29,-0.007928589081403814,-0.00010090778960147873,-0.007827681291802335,5,XGBoost
2024-05-30,-0.005938145980721288,-0.00010918283078353852,-0.005828963149937749,5,XGBoost
2024-05-31,0.002099638106719759,-0.0001451433199690655,0.0022447814266888244,5,XGBoost
2024-06-03,0.009651754413956048,-0.00010287901386618614,0.009754633427822235,5,XGBoost
2024-06-04,0.01070039826605917,-3.3123837056336924e-05,0.010733522103115506,5,XGBoost
2024-06-05,0.00354219890738694,3.571677007130347e-05,0.0035064821373156367,5,XGBoost
2024-06-06,0.01051132468268623,6.752502667950466e-05,0.010443799656006725,5,XGBoost
2024-06-07,0.006272592320817338,0.0001530179870314896,0.006119574333785849,5,XGBoost
2024-06-10,0.001615432479399992,6.0308175307000056e-05,0.0015551243040929918,5,XGBoost
2024-06-11,0.0002850491729127214,9.64854407357052e-05,0.00018856373217701622,5,XGBoost
2024-06-12,0.005812584853602587,0.00010239952098345384,0.005710185332619133,5,XGBoost
2024-06-13,0.003700369514813673,5.9383386542322114e-05,0.0036409861282713507,5,XGBoost
2024-06-14,0.00236574512986909,8.498459646943957e-05,0.0022807605333996506,5,XGBoost
2024-06-17,0.001423217660414089,0.00010704260785132647,0.0013161750525627625,5,XGBoost
2024-06-18,0.003319583832749551,0.0001047093901433982,0.0032148744426061526,5,XGBoost
2024-06-19,0.007572208448200612,0.00010973594908136874,0.007462472499119243,5,XGBoost
2024-06-20,0.003026007037154166,0.00016548653366044164,0.0028605205034937242,5,XGBoost
2024-06-21,0.0006614069310897364,0.0001201973864226602,0.0005412095446670762,5,XGBoost
2024-06-24,0.00406870031883777,0.00012672686716541648,0.003941973451672354,5,XGBoost
2024-06-25,0.001041025977705168,0.00013655732618644834,0.0009044686515187197,5,XGBoost
2024-06-26,-0.006148044903429906,0.0001179149403469637,-0.006265959843776869,5,XGBoost
2024-06-27,-0.007391997267838235,0.00014529692998621613,-0.007537294197824451,5,XGBoost
2024-06-28,-0.009395086899844252,0.00012209214037284255,-0.009517179040217094,5,XGBoost
2024-07-01,-0.008534902449837567,5.1903622079407796e-05,-0.008586806071916975,5,XGBoost
2024-07-02,-0.005596410148348774,2.0289215171942487e-05,-0.005616699363520716,5,XGBoost
2024-07-03,-0.003326208816252674,7.208452007034793e-05,-0.003398293336323022,5,XGBoost
2024-07-04,-0.00658493575681085,6.76052295602858e-05,-0.006652540986371136,5,XGBoost
2024-07-05,-0.007560929928067672,4.3360822019167244e-05,-0.0076042907500868395,5,XGBoost
2024-07-08,-0.007744194733430909,-2.4369677703361958e-05,-0.007719825055727547,5,XGBoost
2024-07-09,-0.008213990786237524,-2.3673932446399704e-05,-0.008190316853791124,5,XGBoost
2024-07-10,-0.01245226818020129,-3.8127640436869115e-05,-0.012414140539764421,5,XGBoost
2024-07-11,-0.002588563834571289,-6.021207445883192e-05,-0.002528351760112457,5,XGBoost
2024-07-12,0.002973765921161942,-8.956759847933426e-05,0.0030633335196412763,5,XGBoost
2024-07-15,0.001151079263787658,-8.107832400128245e-05,0.0012321575877889404,5,XGBoost
2024-07-16,0.001724799201072713,-6.949614908080548e-05,0.0017942953501535184,5,XGBoost
2024-07-17,0.006149726309399028,-3.959010791731998e-05,0.006189316417316348,5,XGBoost
2024-07-18,0.001822280272170573,-5.1251543482067063e-05,0.0018735318156526402,5,XGBoost
2024-07-19,-0.0007665772701956897,6.065625711926259e-05,-0.0008272335273149523,5,XGBoost
2024-07-22,0.002393834628086289,-4.3132957216585055e-05,0.0024369675853028743,5,XGBoost
2024-07-23,0.0009569378720684085,-7.17785515007563e-05,0.0010287164235691648,5,XGBoost
2024-07-24,-0.002781909799283611,-4.421970515977591e-05,-0.002737690094123835,5,XGBoost
2024-07-25,0.0005747677138785434,-1.0132092938874848e-05,0.0005848998068174183,5,XGBoost
2024-07-26,-0.01069735060050103,-7.164198905229568e-05,-0.010625708611448735,5,XGBoost
2024-07-29,-0.01804632810576212,-0.00010067028051707894,-0.017945657825245043,5,XGBoost
2024-07-30,-0.01522774220598322,-0.00015156599693000317,-0.015076176209053218,5,XGBoost
2024-07-31,-0.008683122573461155,0.0002747246762737632,-0.008957847249734918,5,XGBoost
2024-08-01,-0.01165548040456432,0.00023108796449378133,-0.011886568369058102,5,XGBoost
2024-08-02,-0.0006784589550292708,0.00023826469259802252,-0.0009167236476272933,5,XGBoost
2024-08-05,0.004372547412608618,-0.00016676096129231155,0.00453930837390093,5,XGBoost
2024-08-06,-0.003989690496299936,0.00015141055337153375,-0.0041411010496714695,5,XGBoost
2024-08-07,-0.006123360728143012,0.00014783306687604636,-0.006271193795019058,5,XGBoost
2024-08-08,-0.0022309529598461,0.00010441831545904279,-0.002335371275305143,5,XGBoost
2024-08-09,-0.006614810111756242,0.0001514042669441551,-0.006766214378700397,5,XGBoost
2024-08-12,-0.01219348863661907,0.00010484840458957478,-0.012298337041208645,5,XGBoost
2024-08-13,-0.01098050248344418,5.5326789151877165e-05,-0.011035829272596057,5,XGBoost
2024-08-14,-0.0150290142770837,1.8012982764048502e-05,-0.015047027259847748,5,XGBoost
2024-08-15,-0.01437747882165574,-4.091770460945554e-05,-0.014336561117046285,5,XGBoost
2024-08-16,-0.01712808877496474,-0.00011428493598941714,-0.017013803838975324,5,XGBoost
2024-08-19,-0.01025953558597248,-0.00041996504296548665,-0.009839570543006994,5,XGBoost
2024-08-20,-0.008812374470254625,-0.0002594662655610591,-0.008552908204693566,5,XGBoost
2024-08-21,0.000494731123731107,-0.00037904392229393125,0.0008737750460250382,5,XGBoost
2024-08-22,-0.001676115748576734,-0.0003354433283675462,-0.0013406724202091878,5,XGBoost
2024-08-23,0.009682913318422415,-0.00021494967222679406,0.009897862990649209,5,XGBoost
2024-08-26,0.007901275674134567,-4.1389215766685084e-05,0.007942664889901252,5,XGBoost
2024-08-27,0.01255143225552935,4.3914733396377414e-05,0.012507517522132973,5,XGBoost
2024-08-28,0.002667326846917284,-0.0001063164891093038,0.0027736433360265877,5,XGBoost
2024-08-29,-0.002272166944455201,-9.260253864340484e-05,-0.002179564405811796,5,XGBoost
2024-08-30,-0.005126194190723687,-0.00010514615860302001,-0.005021048032120667,5,XGBoost
2024-09-02,-0.000984252047961931,-0.00018169719260185957,-0.0008025548553600714,5,XGBoost
2024-09-03,-0.00186778132451515,-0.0001704923779470846,-0.0016972889465680654,5,XGBoost
2024-09-04,0.003152090868314694,-0.0001312254898948595,0.0032833163582095537,5,XGBoost
2024-09-05,0.002568156290999823,-0.00018058737623505294,0.002748743667234876,5,XGBoost
2024-09-06,-0.000692075760482247,-0.00012940919259563088,-0.0005626665678866161,5,XGBoost
2024-09-09,-0.007809836541984083,-0.00012882515147794038,-0.007681011390506143,5,XGBoost
2024-09-10,-0.007307952729386891,-0.00015529902884736657,-0.007152653700539524,5,XGBoost
2024-09-11,-0.01067836921555987,-0.00021119385201018304,-0.010467175363549687,5,XGBoost
2024-09-12,-0.007525533090348979,-0.00022686067677568644,-0.007298672413573293,5,XGBoost
2024-09-13,-0.00386464336721648,-0.0002870234311558306,-0.0035776199360606493,5,XGBoost
2024-09-16,0.0008928129158114473,-0.0002873943594750017,0.001180207275286449,5,XGBoost
2024-09-17,-0.004171638946065315,-0.0002835119958035648,-0.00388812695026175,5,XGBoost
2024-09-18,0.003076772810798545,-0.0002693458809517324,0.003346118691750277,5,XGBoost
2024-09-19,-0.0008949436285679013,-0.0003521809703670442,-0.0005427626582008571,5,XGBoost
2024-09-20,-0.003381405509304436,-0.00025648775044828653,-0.0031249177588561494,5,XGBoost
2024-09-23,-0.0006943411477688954,-0.0002746026439126581,-0.00041973850385623734,5,XGBoost
2024-09-24,0.007140762267445311,-0.00026122978306375444,0.007401992050509065,5,XGBoost
2024-09-25,0.007601596404761324,-0.0002603200264275074,0.007861916431188831,5,XGBoost
2024-09-26,0.01451805658703531,-0.0001724712346913293,0.01469052782172664,5,XGBoost
2024-09-27,0.02109491726908352,-0.0001268866762984544,0.021221803945381975,5,XGBoost
2024-09-30,0.01731304310310211,-0.0001453270815545693,0.01745837018465668,5,XGBoost
2024-10-01,0.01335054677672165,-6.782304990338162e-05,0.013418369826625032,5,XGBoost
2024-10-02,0.01221851865726986,-5.4816369811305776e-05,0.012273335027081165,5,XGBoost
2024-10-03,0.009757126875284072,-3.269945227657445e-05,0.009789826327560647,5,XGBoost
2024-10-04,0.003602554891847909,2.6716728825704195e-05,0.0035758381630222047,5,XGBoost
2024-10-07,0.007384409770038403,-3.530461253831163e-05,0.007419714382576714,5,XGBoost
2024-10-08,0.006899594933113207,3.3746535336831585e-05,0.006865848397776375,5,XGBoost
2024-10-09,0.006391654531542557,-1.42889302878757e-05,0.006405943461830432,5,XGBoost
2024-10-10,0.008026734261372681,-4.093954339623451e-05,0.008067673804768916,5,XGBoost
2024-10-11,0.005814533292363144,7.633816130692139e-05,0.005738195131056223,5,XGBoost
2024-10-14,0.006849672239448878,0.00011467434524092823,0.006734997894207949,5,XGBoost
2024-10-15,0.00781367019826451,0.00017991276399698108,0.00763375743426753,5,XGBoost
2024-10-16,0.008076190421446583,0.0007442760979756713,0.007331914323470912,5,XGBoost
2024-10-17,0.002309025463074654,0.000802034919615835,0.001506990543458819,5,XGBoost
2024-10-18,0.007412789659878349,0.0014303685165941715,0.005982421143284178,5,XGBoost
2024-10-21,0.002976049813301351,0.0008256682194769382,0.0021503815938244126,5,XGBoost
2024-10-22,0.002399348528575374,0.0009480232838541269,0.001451325244721247,5,XGBoost
2024-10-23,-0.004222249819315849,0.0006323809502646327,-0.004854630769580481,5,XGBoost
2024-10-24,-0.0007690829065882809,0.00031639018561691046,-0.0010854730922051914,5,XGBoost
2024-10-25,0.0001918097253410522,-0.0005647039506584406,0.0007565136759994928,5,XGBoost
2024-10-28,-0.004130451095902821,-0.0005296547315083444,-0.0036007963643944763,5,XGBoost
2024-10-29,-0.008664731210267895,-0.0004568969889078289,-0.008207834221360066,5,XGBoost
2024-10-30,0.01052238520536353,-0.0005138486158102751,0.011036233821173805,5,XGBoost
2024-10-31,0.005084187650842509,-0.0003030560619663447,0.0053872437128088535,5,XGBoost
2024-11-01,0.00688076109222191,-0.00043286889558658004,0.00731362998780849,5,XGBoost
2024-11-04,0.0157573808950815,-0.00022799712314736098,0.01598537801822886,5,XGBoost
2024-11-05,0.02482938859158512,-0.00024035089882090688,0.025069739490406025,5,XGBoost
2024-11-06,0.01314004820935111,-2.5815970730036497e-05,0.013165864180081147,5,XGBoost
2024-11-07,0.0204571960309794,-5.9721227444242686e-05,0.020516917258423643,5,XGBoost
2024-11-08,0.01596708304584649,1.7776997992768884e-05,0.01594930604785372,5,XGBoost
2024-11-11,0.006987092914091164,0.0002279920008732006,0.006759100913217964,5,XGBoost
2024-11-12,0.001790510773788334,0.00025437900330871344,0.0015361317704796205,5,XGBoost
2024-11-13,0.001876525226957249,-0.0001973068283405155,0.0020738320552977645,5,XGBoost
2024-11-14,0.00280846468064766,-6.512253457913175e-05,0.0028735872152267916,5,XGBoost
2024-11-15,0.008028422510369282,2.9166923923185095e-05,0.007999255586446097,5,XGBoost
2024-11-18,0.005068054020011203,0.00026104209246113896,0.0048070119275500645,5,XGBoost
2024-11-19,0.007504021705461383,4.3764473957708105e-05,0.007460257231503675,5,XGBoost
2024-11-20,-0.005640172876261396,0.00036482990253716707,-0.006005002778798563,5,XGBoost
2024-11-21,-0.007789443918290395,0.0006707574357278645,-0.00846020135401826,5,XGBoost
2024-11-22,-0.01697260490643515,0.00036247086245566607,-0.017335075768890817,5,XGBoost
2024-11-25,-0.003469783572135121,0.0003089469682890922,-0.0037787305404242133,5,XGBoost
2024-11-26,-0.006092721664090917,0.00014308947720564902,-0.006235811141296566,5,XGBoost
2024-11-27,0.002259887967437813,0.00012201831123093143,0.0021378696562068815,5,XGBoost
2024-11-28,-0.004059481619177241,0.00010498369374545291,-0.004164465312922694,5,XGBoost
2024-11-29,0.003021720901680069,-3.6529207136482e-05,0.003058250108816551,5,XGBoost
2024-12-02,-0.002916413939740181,4.491354411584325e-05,-0.0029613274838560244,5,XGBoost
2024-12-03,0.0003760105327250685,2.9202279620221816e-05,0.0003468082531048467,5,XGBoost
2024-12-04,0.003661460223483459,2.4628658138681203e-05,0.0036368315653447776,5,XGBoost
2024-12-05,0.01175543701311632,7.491085852961987e-05,0.0116805261545867,5,XGBoost
2024-12-06,0.008823862752922018,6.967109948163852e-05,0.00875419165344038,5,XGBoost
2024-12-09,0.006760589129876315,9.558482270222157e-05,0.006665004307174093,5,XGBoost
2024-12-10,0.005249355886143725,0.00011504433496156707,0.005134311551182158,5,XGBoost
2024-12-11,0.0122940917004204,0.00012588026584126055,0.01216821143457914,5,XGBoost
2024-12-12,0.01346540287951292,0.00017326445959042758,0.013292138419922493,5,XGBoost
2024-12-13,0.005777669599368096,0.0002424977719783783,0.005535171827389718,5,XGBoost
2024-12-16,0.01098196239478977,0.00023585010785609484,0.010746112286933675,5,XGBoost
2024-12-17,0.01152643361869377,0.00031642316025681794,0.011210010458436953,5,XGBoost
2024-12-18,0.0009252406285513715,0.00039501895662397146,0.0005302216719274,5,XGBoost
2024-12-19,-0.003789108548980735,0.00039997464045882225,-0.0041890831894395575,5,XGBoost
2024-12-20,0.004727702896171415,0.00028581617516465485,0.00444188672100676,5,XGBoost
2024-12-23,0.004156473909944225,0.0003016280534211546,0.0038548458565230703,5,XGBoost
2024-12-24,0.01093811171931769,0.0002966771717183292,0.010641434547599362,5,XGBoost
2024-12-26,0.0075548544331836,0.0004353138501755893,0.0071195405830080105,5,XGBoost
2024-12-27,0.002404514244611633,0.00046236696653068066,0.0019421472780809523,5,XGBoost
2024-12-30,0.003784561677813159,0.00046197313349694014,0.003322588544316219,5,XGBoost
2024-12-31,0.005515226775306026,0.00041305008926428854,0.005102176686041737,5,XGBoost
2025-01-02,-0.001921581778087322,0.00041358559974469244,-0.0023351673778320143,5,XGBoost
2025-01-03,0.006404413473267923,0.000374663999537006,0.006029749473730917,5,XGBoost
2025-01-06,0.0155809219282137,0.00037207762943580747,0.015208844298777892,5,XGBoost
2025-01-07,0.006703114947395505,0.0006295928615145385,0.006073522085880967,5,XGBoost
2025-01-08,0.0,0.0007266601314768195,-0.0007266601314768195,5,XGBoost
2025-01-09,-0.002017053952410031,0.0007019391050562263,-0.0027189930574662573,5,XGBoost
2025-01-10,-0.002739727741119857,0.0005653283442370594,-0.003305056085356916,5,XGBoost
2025-01-13,-0.005562916174268295,0.0004388650704640895,-0.006001781244732385,5,XGBoost
2025-01-14,-0.0111352551667343,0.00038088421570137143,-0.011516139382435672,5,XGBoost
2025-01-15,-0.008469165967467163,0.000300335610518232,-0.008769501577985395,5,XGBoost
2025-01-16,-0.008386759448306691,0.00029413594165816903,-0.00868089538996486,5,XGBoost
2025-01-17,-0.0176211949077949,0.0001696872932370752,-0.017790882201031977,5,XGBoost
2025-01-20,-0.01855238037409457,0.00016598033835180104,-0.018718360712446373,5,XGBoost
2025-01-21,-0.00175983002858171,0.0001695756072876975,-0.0019294056358694074,5,XGBoost
2025-01-22,-0.001572836517977905,0.00015891632938291878,-0.0017317528473608237,5,XGBoost
2025-01-23,-0.002316424477998069,5.1887825975427404e-05,-0.0023683123039734966,5,XGBoost
2025-01-24,0.008618745719921606,8.54926256579347e-05,0.00853325309426367,5,XGBoost
2025-01-27,0.01525476815253768,0.00017393488087691367,0.015080833271660767,5,XGBoost
2025-01-28,0.0008339897624658477,0.000164012482855469,0.0006699772796103787,5,XGBoost
2025-01-29,-0.003896470279123321,0.00019636204524431378,-0.0040928323243676346,5,XGBoost
2025-01-30,-0.001020929134107895,0.00018141124746762216,-0.0012023403815755172,5,XGBoost
2025-01-31,-0.003049769010488923,0.0002000712265726179,-0.003249840237061541,5,XGBoost
2025-02-03,-0.006166325737255285,0.00017487168952357024,-0.006341197426778855,5,XGBoost
2025-02-04,0.0,0.0001823528145905584,-0.0001823528145905584,5,XGBoost
2025-02-05,0.00334076034540054,0.00020035335910506546,0.0031404069862954746,5,XGBoost
2025-02-06,-0.003534887401753117,0.00021227705292403698,-0.003747164454677154,5,XGBoost
2025-02-07,-0.01238665429594121,0.00010285410098731518,-0.012489508396928525,5,XGBoost
2025-02-10,-0.01628776293109979,-0.00012175472511444241,-0.016166008205985346,5,XGBoost
2025-02-11,-0.008464773114112312,-0.00020488777954597026,-0.008259885334566341,5,XGBoost
2025-02-12,-0.007159158465591453,-0.0005152122466824949,-0.006643946218908958,5,XGBoost
2025-02-13,-0.008798259675462106,-0.00017009369912557304,-0.008628165976336533,5,XGBoost
2025-02-14,-0.0009375586660897994,-0.0004069496935699135,-0.0005306089725198859,5,XGBoost
2025-02-17,0.0002814654988787524,-0.00012498699652496725,0.00040645249540371964,5,XGBoost
2025-02-18,-0.006936660735177291,-0.0001744430628605187,-0.006762217672316773,5,XGBoost
2025-02-19,-0.007022829556682098,-0.0003444876929279417,-0.006678341863754157,5,XGBoost
2025-02-20,0.00814573110418415,-0.00044598098611459136,0.008591712090298742,5,XGBoost
2025-02-21,0.009336264249917292,-0.00019473143038339913,0.009530995680300691,5,XGBoost
2025-02-24,0.001406140376990273,-0.00020647434575948864,0.0016126147227497616,5,XGBoost
2025-02-25,-0.005376103493210493,-3.946992728742771e-05,-0.005336633565923066,5,XGBoost
2025-02-26,-0.02012216716149684,-3.9680206100456417e-05,-0.020082486955396384,5,XGBoost
2025-02-27,-0.03010165750560034,-0.00043516868026927114,-0.02966648882533107,5,XGBoost
2025-02-28,-0.03566232725652085,-0.0009959860472008586,-0.03466634120931999,5,XGBoost
2025-03-03,-0.02638725611885562,-0.0020015803165733814,-0.02438567580228224,5,XGBoost
2025-03-04,-0.02344268478876188,-0.0020548768807202578,-0.021387807908041623,5,XGBoost
2025-03-05,-0.006637511743066149,-0.001676466898061335,-0.004961044845004814,5,XGBoost
2025-03-06,-0.002212709546795644,-0.0013004787033423781,-0.000912230843453266,5,XGBoost
2025-03-07,-0.001156292285316773,-0.001866899081505835,0.0007106067961890621,5,XGBoost
2025-03-10,-0.005787611409484583,-0.0019066304666921496,-0.0038809809427924336,5,XGBoost
2025-03-11,-0.0004841911681285893,-0.0019173130858689547,0.0014331219177403653,5,XGBoost
2025-03-12,-0.001738794873948457,-0.0015762171242386103,-0.00016257774970984662,5,XGBoost
2025-03-13,0.000192604006759467,-0.001494674477726221,0.001687278484485688,5,XGBoost
2025-03-14,0.003560948856913271,-0.001472674892283976,0.005033623749197247,5,XGBoost
2025-03-17,0.0085729947595663,-0.0013448429526761174,0.009917837712242417,5,XGBoost
2025-03-18,0.00906379746663255,-0.0009253481985069811,0.009989145665139532,5,XGBoost
2025-03-19,0.01077037048493068,-0.0005068688769824803,0.01127723936191316,5,XGBoost
2025-03-20,0.004611402157756572,-0.0005368235288187861,0.005148225686575358,5,XGBoost
2025-03-21,-0.0004804689469262158,-0.00044010955025441945,-4.035939667179633e-05,5,XGBoost
2025-03-24,-0.0004796853356241471,-0.0005989983328618109,0.00011931299723766381,5,XGBoost
2025-03-25,0.0007676070229143406,-0.0005301921628415585,0.001297799185755899,5,XGBoost
2025-03-26,-0.007103120669488483,-0.0005612752283923328,-0.00654184544109615,5,XGBoost
2025-03-27,-0.02190010006447096,-0.0008077993406914175,-0.02109230072377954,5,XGBoost
2025-03-28,-0.009852296443011,-0.0017358337063342333,-0.008116462736676766,5,XGBoost
2025-03-31,-0.009158014552832938,-0.002008672570809722,-0.007149341982023216,5,XGBoost
2025-04-01,-0.01254721605208875,-0.0007981372182257473,-0.011749078833863003,5,XGBoost
2025-04-02,-0.008804662365150762,-0.0015364979626610875,-0.007268164402489674,5,XGBoost
2025-04-03,-0.01182629334866281,0.006464972160756588,-0.018291265509419397,5,XGBoost
2025-04-04,-0.02875345781626493,0.008934900164604187,-0.037688357980869114,5,XGBoost
2025-04-07,-0.03568638905752319,-0.001118455664254725,-0.03456793339326847,5,XGBoost
2025-04-08,-0.02707257921763428,-0.0032436486799269915,-0.02382893053770729,5,XGBoost
2025-04-09,-0.03480675666582922,-0.003225829917937517,-0.0315809267478917,5,XGBoost
2025-04-10,-0.01488167289257003,-0.003458859631791711,-0.01142281326077832,5,XGBoost
2025-04-11,-0.01834913866819576,-0.0018433727091178298,-0.01650576595907793,5,XGBoost
2025-04-14,-0.007252247740764162,-0.00194163725245744,-0.005310610488306722,5,XGBoost
2025-04-15,-0.003699079449119402,-0.003304064506664872,-0.00039501494245452974,5,XGBoost
2025-04-16,0.0,-0.003543984377756715,0.003543984377756715,5,XGBoost
2025-04-17,0.0009052049901479009,-0.0027730546426028013,0.0036782596327507022,5,XGBoost
2025-04-21,0.007400307481444379,-6.002129157423042e-05,0.00746032877301861,5,XGBoost
2025-04-22,0.003229716170384478,-0.0019250899786129594,0.005154806148997437,5,XGBoost
2025-04-23,-0.003712813456795416,-0.001156588434241712,-0.0025562250225537038,5,XGBoost
2025-04-24,0.008716180012504182,-0.002262264955788851,0.010978444968293033,5,XGBoost
2025-04-25,0.00561404983276681,-0.0016457290621474385,0.007259778894914248,5,XGBoost
2025-04-28,0.008247884213910872,-0.0015594922006130219,0.009807376414523894,5,XGBoost
2025-04-29,0.0,-0.0010172594338655472,0.0010172594338655472,5,XGBoost
2025-04-30,0.001406469992751624,-0.0012402068823575974,0.0026466768751092213,5,XGBoost
2025-05-01,0.003882726765452205,0.0011699929600581527,0.0027127338053940524,5,XGBoost
2025-05-02,0.003094278059017519,0.000832130666822195,0.002262147392195324,5,XGBoost
2025-05-05,0.0194431281159142,0.000732401036657393,0.018710727079256806,5,XGBoost
2025-05-06,0.01757935801765953,0.0010926650138571858,0.016486693003802344,5,XGBoost
2025-05-07,0.01425391688516164,0.0004603221022989601,0.01379359478286268,5,XGBoost
2025-05-08,0.002381898704533647,0.0007861832273192704,0.0015957154772143767,5,XGBoost
2025-05-09,0.007446790109860046,0.0012842693831771612,0.006162520726682885,5,XGBoost
2025-05-12,-0.0134509000590004,0.0010984697146341205,-0.01454936977363452,5,XGBoost
2025-05-13,-0.00875105027768619,0.00014553840446751565,-0.008896588682153705,5,XGBoost
2025-05-14,-0.01475600054284421,0.00024420840782113373,-0.015000208950665344,5,XGBoost
2025-05-15,-0.00916158568991321,-8.524737495463341e-05,-0.009076338314958576,5,XGBoost
2025-05-16,-0.01978086474734919,-0.0006459312280640006,-0.01913493351928519,5,XGBoost
2025-05-19,-0.01323062298663036,-0.0018631977727636695,-0.01136742521386669,5,XGBoost
2025-05-20,-0.006010837572704375,-0.001969554228708148,-0.004041283343996227,5,XGBoost
2025-05-21,0.003208987912181271,-0.0015114533016458154,0.004720441213827087,5,XGBoost
2025-05-22,-0.006825965070399675,-0.0010963167296722531,-0.0057296483407274215,5,XGBoost
2025-05-23,0.002217295808646824,-0.0011040137615054846,0.0033213095701523088,5,XGBoost
2025-05-26,-0.004044085988820889,-0.0011115317465737462,-0.002932554242247143,5,XGBoost
2025-05-27,-0.002918241064718607,-0.0010431178379803896,-0.0018751232267382174,5,XGBoost
2025-05-28,-0.01097308035518996,-0.0008638373692519963,-0.010109242985937964,5,XGBoost
2025-05-29,-0.005454008065634675,-0.0009986638324335217,-0.004455344233201154,5,XGBoost
2025-05-30,-0.00141043746936198,-0.000860094150993973,-0.0005503433183680069,5,XGBoost
2025-06-02,0.002327347369766031,-0.0009757222142070532,0.0033030695839730844,5,XGBoost
2025-06-03,-0.00131094659020814,-0.0009536472498439252,-0.00035729934036421484,5,XGBoost
2025-06-04,-0.001620910090480265,-0.0009652116568759084,-0.0006556984336043565,5,XGBoost
2025-06-05,-0.008339314066700965,-0.0008942836429923773,-0.007445030423708587,5,XGBoost
2025-06-06,-0.01023467412799572,-0.0008929574978537858,-0.009341716630141935,5,XGBoost
2025-06-09,-0.009546127128990278,-0.001103771384805441,-0.008442355744184837,5,XGBoost
2025-06-10,-0.00282942791833829,-0.0009321919060312212,-0.001897236012307069,5,XGBoost
2025-06-11,0.002733763662764233,-0.0008379263454116881,0.003571690008175921,5,XGBoost
2025-06-12,0.009958419864650736,-0.0007850750116631389,0.010743494876313875,5,XGBoost
2025-06-13,0.005383729799889991,-0.0007104379474185407,0.006094167747308532,5,XGBoost
2025-06-16,0.004276556767259798,-0.000702900520991534,0.004979457288251332,5,XGBoost
2025-06-17,-0.009762127556626865,-0.0006369821494445205,-0.009125145407182345,5,XGBoost
2025-06-18,-0.01241240882621764,-0.0006956576253287494,-0.01171675120088889,5,XGBoost
2025-06-19,-0.01785306280521759,-0.0009356399532407522,-0.016917422851976838,5,XGBoost
2025-06-20,-0.01336004778130739,-0.0016927317483350635,-0.011667316032972327,5,XGBoost
2025-06-23,-0.01577093619299497,-0.0010523886885493994,-0.01471854750444557,5,XGBoost
2025-06-24,-0.01068430134942933,-0.0010883377399295568,-0.009595963609499773,5,XGBoost
2025-06-25,-0.009256468437276233,-0.0011027868604287505,-0.008153681576847482,5,XGBoost
2025-06-26,0.0003087531543082278,-0.0010877110762521625,0.0013964642305603903,5,XGBoost
2025-06-27,-0.00452768832748518,-0.001129038748331368,-0.003398649579153812,5,XGBoost
2025-06-30,0.006174129512168669,-0.0011564716696739197,0.007330601181842589,5,XGBoost
2025-07-01,0.007203900661468587,-0.0009292804752476513,0.008133181136716239,5,XGBoost
2025-07-02,0.008027211982546412,-0.0010632248595356941,0.009090436842082106,5,XGBoost
2025-07-03,0.004824728344931195,-0.0010220775147899985,0.005846805859721194,5,XGBoost
2025-07-04,0.009137171521080845,-0.0008813068270683289,0.010018478348149173,5,XGBoost
2025-07-07,0.006136243430895583,-0.0009354825015179813,0.007071725932413564,5,XGBoost
2025-07-08,0.01121659562296351,-0.0007022431236691773,0.011918838746632687,5,XGBoost
2025-07-09,0.008471599529954688,-0.0005725356168113649,0.009044135146766052,5,XGBoost
2025-07-10,0.01099919430066976,-0.0004228044126648456,0.011421998713334606,5,XGBoost
2025-07-11,0.006417788034113414,-0.00036293058656156063,0.006780718620674975,5,XGBoost
2025-07-14,-0.002347778345816565,-0.00043464082409627736,-0.0019131375217202877,5,XGBoost
2025-07-15,-0.01255054482287221,-0.0004552374011836946,-0.012095307421688515,5,XGBoost
2025-07-16,-0.0120655860446961,-0.0004380160535220057,-0.011627569991174095,5,XGBoost
2025-07-17,-0.01376800086880348,-0.000552548561245203,-0.013215452307558277,5,XGBoost
2025-07-18,-0.008566236351438938,-0.0007051256252452731,-0.007861110726193665,5,XGBoost
2025-07-21,0.007939781123817546,-0.0005406028940342367,0.008480384017851783,5,XGBoost
2025-07-22,0.01528458530879195,-0.000547221046872437,0.015831806355664387,5,XGBoost
2025-07-23,0.02649497720848526,-0.00046841229777783155,0.02696338950626309,5,XGBoost
2025-07-24,0.02624929022453504,-0.0005058111273683608,0.026755101351903402,5,XGBoost
2025-07-25,0.01524574706766835,-0.000183884592843242,0.015429631660511593,5,XGBoost
2025-07-28,0.001519680146576441,-0.0002654078707564622,0.0017850880173329031,5,XGBoost
2025-07-29,-0.001112966169420915,-0.00016543980746064335,-0.0009475263619602716,5,XGBoost
2025-07-30,-0.01656603541155643,-0.00013466681411955506,-0.016431368597436876,5,XGBoost
2025-07-31,-0.0158293369208824,-0.00034074304858222604,-0.015488593872300175,5,XGBoost
2025-08-01,-0.009730463962521085,-0.0005419819499365985,-0.009188482012584487,5,XGBoost
2025-08-04,-0.002635581860142011,-0.0006486837519332767,-0.0019868981082087345,5,XGBoost
2025-08-05,-0.006907788541161253,-0.0007122327224351466,-0.006195555818726106,5,XGBoost
2025-08-06,-0.003469037250989793,-0.0007921270444057882,-0.002676910206584005,5,XGBoost
2025-08-07,-0.001525553308836969,-0.0007971529848873615,-0.0007284003239496075,5,XGBoost
2025-08-08,-0.003366834787821738,-0.0008251801482401788,-0.002541654639581559,5,XGBoost
2025-08-11,-0.003558903547906667,-0.0008480859105475247,-0.0027108176373591424,5,XGBoost
2025-08-12,0.001629660169184532,-0.000881156709510833,0.002510816878695365,5,XGBoost
2025-08-13,0.003876369232181709,-0.0009617492323741317,0.004838118464555841,5,XGBoost
2025-08-14,0.003758830046609596,-0.0009228817652910948,0.004681711811900691,5,XGBoost
2025-08-15,-0.001329447452545374,-0.0009384002187289298,-0.00039104723381644434,5,XGBoost
2025-08-18,0.002644965936689836,-0.0009077973081730306,0.0035527632448628665,5,XGBoost
2025-08-19,-0.0004071661294036133,-0.001021982403472066,0.0006148162740684526,5,XGBoost
2025-08-20,0.0001018070756799716,-0.0008842467213980854,0.000986053797078057,5,XGBoost
2025-08-21,-0.008247259493578518,-0.0008779106428846717,-0.0073693488506938465,5,XGBoost
2025-08-22,0.0005115351280400304,-0.000926624343264848,0.0014381594713048784,5,XGBoost
2025-08-25,-0.006727854123540489,-0.0007292829686775804,-0.005998571154862908,5,XGBoost
2025-08-26,0.001830943447108879,-0.0008167986525222659,0.002647742099631145,5,XGBoost
2025-08-27,-0.0009166370250213163,-0.0008440770325250924,-7.255999249622391e-05,5,XGBoost
2025-08-28,0.005505723532666984,-0.0006658219499513507,0.006171545482618335,5,XGBoost
2025-08-29,0.0,-0.0005606406484730542,0.0005606406484730542,5,XGBoost
2025-09-01,-0.003278355564009239,-0.0006296827341429889,-0.0026486728298662503,5,XGBoost
2025-09-02,-0.00621848173402384,-0.0006081776227802038,-0.005610304111243636,5,XGBoost
2025-09-03,-0.003674973511257562,-0.0005789376446045935,-0.0030960358666529686,5,XGBoost
2025-09-04,-0.00837252185114501,-0.0005658346344716847,-0.007806687216673325,5,XGBoost
2025-09-05,-0.002252714448458981,-0.00023130211047828197,-0.002021412337980699,5,XGBoost
2025-09-08,-0.001540436761611197,-0.00029694533441215754,-0.0012434914271990394,5,XGBoost
2025-09-09,-0.01193307031296609,-0.0003364511067047715,-0.011596619206261318,5,XGBoost
2025-09-10,-0.009350183712205862,-0.0003837048716377467,-0.008966478840568115,5,XGBoost
2025-09-11,-0.001847291165715248,-0.0004221744602546096,-0.0014251167054606384,5,XGBoost
2025-09-12,0.0009221784556388002,-0.0004882925422862172,0.0014104709979250174,5,XGBoost
2025-09-15,0.0004110152133494083,-0.00047243371955119073,0.000883448932900599,5,XGBoost
2025-09-16,0.006498552964422366,-0.0004524974210653454,0.0069510503854877115,5,XGBoost
2025-09-17,0.01027019399943452,-0.0003853337839245796,0.0106555277833591,5,XGBoost
2025-09-18,0.01225130178052058,-0.00040934988646768034,0.01266065166698826,5,XGBoost
2025-09-19,0.005209675197710872,-0.0006527572986669838,0.005862432496377856,5,XGBoost
2025-09-22,0.005838684960671081,-0.0005938977701589465,0.006432582730830028,5,XGBoost
2025-09-23,0.005332252174859775,-0.0002884423010982573,0.005620694475958032,5,XGBoost
2025-09-24,-0.00163615948147644,-0.00047004068619571626,-0.0011661187952807237,5,XGBoost
2025-09-25,-0.007128339756643953,-0.00044490565778687596,-0.006683434098857077,5,XGBoost
2025-09-26,-0.004390674332930722,-0.00045719469198957086,-0.003933479640941151,5,XGBoost
2025-09-29,0.002040608809320332,-0.0004264803137630224,0.0024670891230833543,5,XGBoost
2025-09-30,0.008148344126731821,-0.0004538971115835011,0.008602241238315322,5,XGBoost
2025-10-01,0.01230753469696388,-8.205397898564115e-05,0.01238958867594952,5,XGBoost
2025-10-02,0.01712387958832373,-5.316605165717192e-05,0.017177045639980904,5,XGBoost
2025-10-03,0.01281156313420073,-0.0003117701271548867,0.013123333261355617,5,XGBoost
2025-10-06,0.01175411242633029,-0.00036530024954117835,0.012119412675871468,5,XGBoost
2025-10-07,0.004756371867328468,-0.00013969140127301216,0.0048960632686014804,5,XGBoost
2025-10-08,-0.001315057596833036,-0.000213230203371495,-0.001101827393461541,5,XGBoost
2025-10-09,-0.01212871144661509,-0.0002103856240864843,-0.011918325822528606,5,XGBoost
2025-10-10,-0.005572173882620213,0.0001284703757846728,-0.0057006442584048855,5,XGBoost
2025-10-13,-0.006873574014679917,7.460434426320717e-05,-0.0069481783589431245,5,XGBoost
2025-10-14,-0.001212243809428415,2.491020677553024e-05,-0.0012371540162039452,5,XGBoost
2025-10-15,0.001112853572283967,1.87745154107688e-05,0.0010940790568731982,5,XGBoost
2025-10-16,0.00608274381576912,-1.873298970167525e-05,0.006101476805470795,5,XGBoost
2025-10-17,0.005269036407455019,8.544114825781435e-05,0.0051835952591972045,5,XGBoost
2025-10-20,0.001925318525528574,4.359371087048203e-05,0.001881724814658092,5,XGBoost
2025-10-21,-0.002631580466055716,0.0001077612760127522,-0.002739341742068468,5,XGBoost
2025-10-22,0.003230368244236281,0.0001331713719991967,0.003097196872237084,5,XGBoost
2025-10-23,0.00594550045840947,0.00018377949891146272,0.005761720959498008,5,XGBoost
2025-10-24,0.008553511268843295,0.00017531208868604153,0.008378199180157253,5,XGBoost
2025-10-27,0.01097418514256443,0.0002266816154588014,0.010747503527105629,5,XGBoost
2025-10-28,0.01558682066250316,0.0003284050908405334,0.015258415571662626,5,XGBoost
2025-10-29,0.009828581777861167,0.000343970546964556,0.009484611230896611,5,XGBoost
2025-10-30,0.002007428155804902,0.0004035228630527854,0.0016039052927521165,5,XGBoost
2025-10-31,-0.00200601872686601,0.0004514395259320736,-0.0024574582527980837,5,XGBoost
